time,[HUME],[TEMP],[PRES],[RADI],[RAPV],[DIRV],[PREC]
2020-03-23T00:00:00-05:00,81.52,11.81,739.25,-1.97,0.72,47.19,0
2020-03-23T00:01:00-05:00,81.7,11.78,738.98,0.83,0.72,47.06,0
2020-03-23T00:02:00-05:00,82.35,11.76,738.98,0.09,0.17,62.84,0
2020-03-23T00:03:00-05:00,82.73,11.77,738.88,-0.64,0.61,36.79,0
2020-03-23T00:04:00-05:00,82.85,11.77,738.78,0.53,0.41,29.56,0
2020-03-23T00:05:00-05:00,83.03,11.77,739.58,-1.38,0.56,45.92,0
2020-03-23T00:06:00-05:00,83.43,11.76,738.78,-0.05,0.26,65.42,0
2020-03-23T00:07:00-05:00,83.44,11.79,739.45,0.09,0.59,49.16,0
2020-03-23T00:08:00-05:00,83.82,11.82,738.88,-1.38,0.54,51.22,0
2020-03-23T00:09:00-05:00,84.04,11.83,738.85,-2.26,0.49,31.34,0
2020-03-23T00:10:00-05:00,84.47,11.85,739.08,-2.41,0.6,48.41,0
2020-03-23T00:11:00-05:00,84,11.86,738.64,-1.97,0.33,342.9,0
2020-03-23T00:12:00-05:00,83.36,11.83,738.98,-0.64,0.55,101.5,0
2020-03-23T00:13:00-05:00,83.24,11.86,739.25,-1.23,0.58,112.72,0
2020-03-23T00:14:00-05:00,83.86,11.86,738.44,-2.41,0.18,152.15,0
2020-03-23T00:15:00-05:00,83.21,11.84,738.54,-2.99,0.73,59.29,0
2020-03-23T00:16:00-05:00,82.84,11.83,738.71,-4.46,0.17,1.76,0
2020-03-23T00:17:00-05:00,83.17,11.84,738.85,-4.46,0.22,213.96,0
2020-03-23T00:18:00-05:00,83.27,11.81,738.64,-2.85,0.56,61.47,0
2020-03-23T00:19:00-05:00,81.89,11.8,738.51,-4.02,0.56,49.5,0
2020-03-23T00:20:00-05:00,81.98,11.78,737.41,-2.55,0.63,48.66,0
2020-03-23T00:21:00-05:00,82.11,11.78,737.24,-2.7,0.47,21.66,0
2020-03-23T00:22:00-05:00,82.41,11.78,738.64,-5.35,0.22,23.06,0
2020-03-23T00:23:00-05:00,82.77,11.75,737.17,-3.44,0.36,51.65,0
2020-03-23T00:24:00-05:00,82.93,11.75,736.84,-4.61,0.38,134.57,0
2020-03-23T00:25:00-05:00,82.77,11.7,737.51,-3.73,0.63,78.89,0
2020-03-23T00:26:00-05:00,82.84,11.69,736.84,-4.76,0.93,67.47,0
2020-03-23T00:27:00-05:00,82.71,11.64,737.1,-4.02,0.41,145.29,0
2020-03-23T00:28:00-05:00,83.05,11.63,737.24,-4.91,0.54,121.58,0
2020-03-23T00:29:00-05:00,83.12,11.58,736.5,-4.17,0.34,64.11,0
2020-03-23T00:30:00-05:00,83.06,11.55,736.74,-4.61,0.23,95.61,0
2020-03-23T00:31:00-05:00,83.46,11.53,736.37,-5.79,0.17,142.29,0
2020-03-23T00:32:00-05:00,83.76,11.5,735.87,-4.17,0.09,254.02,0
2020-03-23T00:33:00-05:00,83.62,11.5,736.64,-3.88,0.11,239.87,0
2020-03-23T00:34:00-05:00,83.34,11.49,736.1,-3.73,0.19,294.68,0
2020-03-23T00:35:00-05:00,83.47,11.45,735.9,-0.94,0.59,31.97,0
2020-03-23T00:36:00-05:00,83.82,11.44,735.77,-3.14,0.64,55.89,0
2020-03-23T00:37:00-05:00,84.19,11.41,736.07,-0.35,0.52,66.11,0
2020-03-23T00:38:00-05:00,84.64,11.4,736.67,-1.52,0.24,49.51,0
2020-03-23T00:39:00-05:00,84.79,11.38,736.77,-0.79,0.13,110.4,0
2020-03-23T00:40:00-05:00,85.11,11.38,735.9,-1.08,0.09,45.99,0
2020-03-23T00:41:00-05:00,84.98,11.36,736.4,-2.7,0.22,35.9,0
2020-03-23T00:42:00-05:00,85,11.34,736.43,-0.79,0.22,70.32,0
2020-03-23T00:43:00-05:00,85.19,11.34,736,-2.7,0.21,131.13,0
2020-03-23T00:44:00-05:00,85.12,11.34,736.07,-3.88,0.23,76.04,0
2020-03-23T00:45:00-05:00,85.03,11.34,736.03,-4.17,0.35,160.49,0
2020-03-23T00:46:00-05:00,84.63,11.3,735.4,-5.05,0.22,11.09,0
2020-03-23T00:47:00-05:00,84.99,11.3,735.46,-4.46,0.28,45.15,0
2020-03-23T00:48:00-05:00,85.31,11.29,734.86,-5.49,0.11,73.31,0
2020-03-23T00:49:00-05:00,85.35,11.27,735.53,-3.29,0.93,41.05,0
2020-03-23T00:50:00-05:00,84.66,11.22,734.53,-5.35,0.68,50.96,0
2020-03-23T00:51:00-05:00,85.02,11.22,734.46,-4.61,0.44,77.23,0
2020-03-23T00:52:00-05:00,85.19,11.18,735.6,-2.85,0.25,129.5,0
2020-03-23T00:53:00-05:00,84.84,11.16,734.83,-4.61,0.51,79.4,0
2020-03-23T00:54:00-05:00,84.71,11.16,734.86,-4.76,0.3,67.56,0
2020-03-23T00:55:00-05:00,84.53,11.14,734.59,-2.85,0.2,99.14,0
2020-03-23T00:56:00-05:00,84.48,11.1,735.2,-4.46,0.27,34.4,0
2020-03-23T00:57:00-05:00,84.8,11.1,734.83,-4.02,0.12,304.59,0
2020-03-23T00:58:00-05:00,84.65,11.08,734.36,-1.82,0.12,5.67,0
2020-03-23T00:59:00-05:00,84.99,11.08,733.99,-3.73,0.47,76.38,0
2020-03-23T01:00:00-05:00,85.09,11.05,733.99,-3.58,0.45,50.45,0
2020-03-23T01:01:00-05:00,85.47,11.04,734.79,-2.99,0.76,34.09,0
2020-03-23T01:02:00-05:00,84.93,10.99,733.99,-1.82,0.52,350.85,0
2020-03-23T01:03:00-05:00,85.28,10.99,734.39,-0.79,0.51,45.79,0
2020-03-23T01:04:00-05:00,85.05,10.97,734.02,-2.7,0.85,34.45,0
2020-03-23T01:05:00-05:00,84.85,10.96,734.83,-2.26,0.83,55.17,0
2020-03-23T01:06:00-05:00,84.74,10.94,734.43,-2.11,0.68,61.54,0
2020-03-23T01:07:00-05:00,84.61,10.94,735.53,-1.52,0.69,60.79,0
2020-03-23T01:08:00-05:00,84.73,10.95,735.03,-1.67,0.62,63.7,0
2020-03-23T01:09:00-05:00,85.49,10.98,735.36,0.09,0.61,89.02,0
2020-03-23T01:10:00-05:00,86.02,11,734.93,-1.38,0.6,60.05,0
2020-03-23T01:11:00-05:00,86.14,11,735.6,0.39,0.53,144.79,0
2020-03-23T01:12:00-05:00,86.06,11,735.77,-1.08,0.61,134.16,0
2020-03-23T01:13:00-05:00,85.87,11,736,-1.23,0.57,115.93,0
2020-03-23T01:14:00-05:00,85.16,11,736.74,-0.05,0.22,111.15,0
2020-03-23T01:15:00-05:00,85.52,11,736.13,0.53,0.35,103.54,0
2020-03-23T01:16:00-05:00,85.45,11.03,735.36,-0.2,0.14,148.25,0
2020-03-23T01:17:00-05:00,85.43,11.07,735.63,0.09,0.06,243.8,0
2020-03-23T01:18:00-05:00,85.49,11.06,736.13,-0.94,0.18,115.7,0
2020-03-23T01:19:00-05:00,85.8,11.08,735.7,0.39,0.2,84.21,0
2020-03-23T01:20:00-05:00,86.15,11.1,737,0.53,0.53,90.22,0
2020-03-23T01:21:00-05:00,86.17,11.12,736.1,-1.67,0.31,79.14,0
2020-03-23T01:22:00-05:00,86.14,11.13,736.64,-0.05,0.17,284.69,0
2020-03-23T01:23:00-05:00,86.12,11.14,736.33,-2.11,0.14,150.54,0
2020-03-23T01:24:00-05:00,86.3,11.16,736.03,-2.26,0.07,127.69,0
2020-03-23T01:25:00-05:00,86.16,11.17,736,-0.2,0.26,112.81,0
2020-03-23T01:26:00-05:00,86.32,11.19,736.97,-2.55,0.12,9.42,0
2020-03-23T01:27:00-05:00,86.56,11.17,736.4,-0.79,0.58,88.2,0
2020-03-23T01:28:00-05:00,86.65,11.18,735.8,0.39,0.62,60.87,0
2020-03-23T01:29:00-05:00,86.81,11.2,736.8,-1.82,0.38,101.55,0
2020-03-23T01:30:00-05:00,87.12,11.19,736.54,0.24,0.32,104.65,0
2020-03-23T01:31:00-05:00,87.38,11.2,736.5,-0.05,0.51,169.08,0
2020-03-23T01:32:00-05:00,87.65,11.22,736,-1.23,0.48,138.28,0
2020-03-23T01:33:00-05:00,87.45,11.21,736.13,-1.38,0.24,63.78,0
2020-03-23T01:34:00-05:00,87.63,11.22,736.07,-3.29,0.16,333.62,0
2020-03-23T01:35:00-05:00,87.63,11.21,735.4,-3.29,0.69,36.88,0
2020-03-23T01:36:00-05:00,86.92,11.2,735.93,-4.02,0.27,67.54,0
2020-03-23T01:37:00-05:00,86.6,11.16,735.23,-3.29,0.23,303.92,0
2020-03-23T01:38:00-05:00,86.62,11.16,735.63,-4.32,0.21,176.08,0
2020-03-23T01:39:00-05:00,86.9,11.13,735.5,-3.29,0.49,173.12,0
2020-03-23T01:40:00-05:00,86.89,11.1,735.36,-0.94,0.5,117.56,0
2020-03-23T01:41:00-05:00,86.98,11.08,735.6,-0.79,0.6,138.55,0
2020-03-23T01:42:00-05:00,86.87,11.04,735.26,-0.2,0.61,106.74,0
2020-03-23T01:43:00-05:00,86.84,11.01,736.23,-0.64,0.78,66.43,0
2020-03-23T01:44:00-05:00,86.84,10.99,735.36,-0.2,0.6,71.54,0
2020-03-23T01:45:00-05:00,86.89,11,736.2,-1.67,0.61,93.03,0
2020-03-23T01:46:00-05:00,87.11,11,735.87,-1.82,0.64,91.64,0
2020-03-23T01:47:00-05:00,86.88,11,736.8,-0.79,0.62,47.63,0
2020-03-23T01:48:00-05:00,87.31,11.01,736.4,-0.2,0.61,72.91,0
2020-03-23T01:49:00-05:00,87.49,11.02,735.73,-0.94,0.57,56.06,0
2020-03-23T01:50:00-05:00,87.8,11.04,736.5,-0.64,0.55,56.07,0
2020-03-23T01:51:00-05:00,88.17,11.04,735.8,-1.82,0.52,61.12,0
2020-03-23T01:52:00-05:00,88.33,11.08,735.53,-2.41,0.23,335.59,0
2020-03-23T01:53:00-05:00,87.74,11.06,736.13,-2.11,0.39,352.53,0
2020-03-23T01:54:00-05:00,86.94,11.06,734.93,-2.41,0.56,12.81,0
2020-03-23T01:55:00-05:00,86.16,11.04,735.4,-2.41,0.22,294.63,0
2020-03-23T01:56:00-05:00,85.96,11.03,736.2,-2.55,0.06,263.72,0
2020-03-23T01:57:00-05:00,86.1,11.02,735.9,0.39,0.6,241.84,0
2020-03-23T01:58:00-05:00,86.7,11.02,736,-1.97,0.51,124.98,0
2020-03-23T01:59:00-05:00,87.04,11.02,735.5,-0.64,0.57,184.31,0
2020-03-23T02:00:00-05:00,87.05,11.01,735.6,-1.67,0.63,173.12,0
2020-03-23T02:01:00-05:00,87.62,11.01,736.57,0.98,0.25,195.28,0
2020-03-23T02:02:00-05:00,87.79,11,736.7,-1.82,0.19,197.01,0
2020-03-23T02:03:00-05:00,88.02,11,736.47,-0.64,0.27,161.48,0
2020-03-23T02:04:00-05:00,87.86,10.99,736.7,0.39,0.19,138.61,0
2020-03-23T02:05:00-05:00,87.81,10.99,735.87,-1.52,0.26,132.63,0
2020-03-23T02:06:00-05:00,88.13,11,736.74,-1.38,0.23,134.22,0
2020-03-23T02:07:00-05:00,88.34,11.01,736.23,-1.23,0.24,122.3,0
2020-03-23T02:08:00-05:00,88.41,11.04,736.2,-1.52,0.37,120.35,0
2020-03-23T02:09:00-05:00,88.6,11.05,736.13,1.12,0.25,88.79,0
2020-03-23T02:10:00-05:00,88.7,11.08,736.94,-0.94,0.24,88.73,0
2020-03-23T02:11:00-05:00,88.61,11.08,737.24,-0.05,0.39,99.71,0
2020-03-23T02:12:00-05:00,88.51,11.1,736.97,0.53,0.31,116.14,0
2020-03-23T02:13:00-05:00,88.19,11.1,737.54,1.12,0.23,133.15,0
2020-03-23T02:14:00-05:00,88.21,11.12,736.33,-0.79,0.31,79.72,0
2020-03-23T02:15:00-05:00,88.01,11.13,736.2,0.39,0.6,95.09,0
2020-03-23T02:16:00-05:00,87.54,11.16,736.37,0.68,0.55,92.31,0
2020-03-23T02:17:00-05:00,87.28,11.19,736.8,-1.08,0.58,111.26,0
2020-03-23T02:18:00-05:00,87.2,11.21,735.63,0.24,0.25,136.55,0
2020-03-23T02:19:00-05:00,86.94,11.24,736.7,-0.35,0.28,81.42,0
2020-03-23T02:20:00-05:00,86.88,11.26,737.07,-2.7,0.28,77.56,0
2020-03-23T02:21:00-05:00,86.81,11.28,736.57,-0.94,0.09,315.53,0
2020-03-23T02:22:00-05:00,86.87,11.28,736.17,-2.41,0.1,229.18,0
2020-03-23T02:23:00-05:00,87.02,11.3,736.64,-2.11,0.27,156.18,0
2020-03-23T02:24:00-05:00,86.96,11.28,736.64,-3.58,0.28,133.58,0
2020-03-23T02:25:00-05:00,87.08,11.28,735.73,-4.32,0.32,85.23,0
2020-03-23T02:26:00-05:00,86.96,11.27,735.97,-2.41,0.59,114.71,0
2020-03-23T02:27:00-05:00,86.95,11.26,735.33,-3.73,0.43,107.94,0
2020-03-23T02:28:00-05:00,87.12,11.25,736.2,-3.88,0.36,72.7,0
2020-03-23T02:29:00-05:00,87.2,11.25,735,-4.61,0.06,89.63,0
2020-03-23T02:30:00-05:00,87.33,11.24,736.1,-3.14,0.06,128.29,0
2020-03-23T02:31:00-05:00,87.18,11.22,735.53,-5.64,0.09,321.54,0
2020-03-23T02:32:00-05:00,87.05,11.21,735.56,-5.93,0.22,342.53,0
2020-03-23T02:33:00-05:00,87.07,11.17,735.2,-5.79,0.38,0.87,0
2020-03-23T02:34:00-05:00,86.31,11.11,735.16,-4.91,0.39,353.49,0
2020-03-23T02:35:00-05:00,86.28,11.04,734.13,-4.32,0.57,48.26,0
2020-03-23T02:36:00-05:00,86.2,11,734.13,-5.35,0.67,85.14,0
2020-03-23T02:37:00-05:00,86.26,10.95,734.59,-3.44,0.6,91.95,0
2020-03-23T02:38:00-05:00,86.22,10.93,734.43,-4.17,0.65,109.39,0
2020-03-23T02:39:00-05:00,86.74,10.9,733.89,-4.76,0.59,98.74,0
2020-03-23T02:40:00-05:00,87.01,10.86,734.19,-2.99,0.3,137.26,0
2020-03-23T02:41:00-05:00,87.24,10.8,733.89,-4.61,0.6,140.51,0
2020-03-23T02:42:00-05:00,87.9,10.78,733.72,-4.61,0.62,129.55,0
2020-03-23T02:43:00-05:00,88.29,10.74,734.02,-4.61,0.72,169.44,0
2020-03-23T02:44:00-05:00,88.88,10.73,734.33,-4.17,0.58,137,0
2020-03-23T02:45:00-05:00,89.24,10.7,733.69,-2.11,0.64,122.26,0
2020-03-23T02:46:00-05:00,89.12,10.7,734.63,-3.14,0.35,143.21,0
2020-03-23T02:47:00-05:00,89.06,10.68,734.26,-2.99,0.67,95.61,0
2020-03-23T02:48:00-05:00,89.21,10.66,733.76,-1.97,0.67,110.16,0
2020-03-23T02:49:00-05:00,89.24,10.67,733.89,-3.29,0.82,110.18,0
2020-03-23T02:50:00-05:00,89.24,10.65,734.79,-2.7,0.75,103.85,0
2020-03-23T02:51:00-05:00,89.1,10.66,734.69,-2.41,0.66,90.34,0
2020-03-23T02:52:00-05:00,89.32,10.65,734.93,-2.11,0.66,80.53,0
2020-03-23T02:53:00-05:00,89.2,10.66,734.76,1.12,0.35,76.05,0
2020-03-23T02:54:00-05:00,89,10.68,734.43,0.53,0.15,9.11,0
2020-03-23T02:55:00-05:00,89.18,10.68,734.96,-1.08,0.55,0.82,0
2020-03-23T02:56:00-05:00,89.28,10.69,735,-0.49,0.21,186.43,0
2020-03-23T02:57:00-05:00,89.05,10.69,735.26,-0.79,0.58,104.31,0
2020-03-23T02:58:00-05:00,88.98,10.74,734.66,-1.08,0.69,85.87,0
2020-03-23T02:59:00-05:00,89.16,10.78,734.86,0.39,0.85,41.58,0
2020-03-23T03:00:00-05:00,88.63,10.8,734.96,1.27,0.82,52.54,0
2020-03-23T03:01:00-05:00,87.21,10.81,735.2,-0.05,1.63,55.43,0
2020-03-23T03:02:00-05:00,84.77,10.84,735.73,1.42,1.47,67.89,0
2020-03-23T03:03:00-05:00,84.39,10.88,735.36,-1.08,0.67,93.08,0
2020-03-23T03:04:00-05:00,84.13,10.9,735.9,-0.35,2.68,31.43,0
2020-03-23T03:05:00-05:00,82.01,10.93,735.36,0.83,2.15,104.25,0
2020-03-23T03:06:00-05:00,81.64,10.95,735.73,0.68,2.34,41.91,0
2020-03-23T03:07:00-05:00,81.23,10.99,735.7,-0.94,0.57,101.53,0
2020-03-23T03:08:00-05:00,81.28,10.98,735.77,0.83,0.77,74.44,0
2020-03-23T03:09:00-05:00,81.06,10.98,735.46,-1.08,1.02,74.73,0
2020-03-23T03:10:00-05:00,81.18,11,736.27,-0.49,1.97,54.05,0
2020-03-23T03:11:00-05:00,81.24,11,736.4,-0.94,2.18,77.65,0
2020-03-23T03:12:00-05:00,80.74,11.01,735.3,-1.97,2.64,75.55,0
2020-03-23T03:13:00-05:00,80.41,11.03,736.3,-1.08,0.56,48.26,0
2020-03-23T03:14:00-05:00,80.29,11.01,735.8,-2.26,0.91,12.31,0
2020-03-23T03:15:00-05:00,79.89,11.03,736,-1.67,2.07,51.8,0
2020-03-23T03:16:00-05:00,80.47,11.06,736.07,-2.41,2.08,66.64,0
2020-03-23T03:17:00-05:00,79.91,11.08,736,-2.26,0.88,56.62,0
2020-03-23T03:18:00-05:00,79.95,11.08,736.17,-4.46,0.84,80.23,0
2020-03-23T03:19:00-05:00,79.59,11.04,735.26,-2.26,0.91,26.47,0
2020-03-23T03:20:00-05:00,79.73,11.04,736.37,-4.61,1.22,60.58,0
2020-03-23T03:21:00-05:00,80.15,11.04,735,-3.44,0.7,48.59,0
2020-03-23T03:22:00-05:00,80.04,10.98,735.13,-3.29,1.25,39.82,0
2020-03-23T03:23:00-05:00,80.06,10.94,735.67,-4.17,1.42,73.7,0
2020-03-23T03:24:00-05:00,80.2,10.91,735.26,-3.14,0.91,77.75,0
2020-03-23T03:25:00-05:00,80.87,10.86,735.23,-5.2,0.72,77.05,0
2020-03-23T03:26:00-05:00,81.1,10.84,734.73,-3.29,1.15,69.34,0
2020-03-23T03:27:00-05:00,81.89,10.76,735.23,-2.41,0.68,66.77,0
2020-03-23T03:28:00-05:00,82.14,10.73,734.79,-3.88,0.98,83.1,0
2020-03-23T03:29:00-05:00,81.93,10.66,734.43,-2.85,1.04,70.27,0
2020-03-23T03:30:00-05:00,82.34,10.64,734.33,-2.11,0.64,98.26,0
2020-03-23T03:31:00-05:00,82.25,10.6,734.69,-4.46,0.82,81.91,0
2020-03-23T03:32:00-05:00,82.49,10.56,734.59,-2.55,0.82,99.1,0
2020-03-23T03:33:00-05:00,83.05,10.52,734.63,-3.88,1.31,86.13,0
2020-03-23T03:34:00-05:00,82.98,10.49,733.62,-2.7,1.03,62.01,0
2020-03-23T03:35:00-05:00,83.34,10.48,734.33,-4.17,0.57,50.45,0
2020-03-23T03:36:00-05:00,83.42,10.47,734.19,-3.44,1.02,60.01,0
2020-03-23T03:37:00-05:00,83.95,10.48,733.79,-2.85,0.69,102.14,0
2020-03-23T03:38:00-05:00,83.46,10.46,734.46,-1.38,1.74,37.61,0
2020-03-23T03:39:00-05:00,83.1,10.46,734.43,-1.67,0.06,86.44,0
2020-03-23T03:40:00-05:00,83.38,10.45,733.76,-2.55,0.31,340.83,0
2020-03-23T03:41:00-05:00,83.39,10.44,733.82,-1.97,0.62,121.25,0
2020-03-23T03:42:00-05:00,83.55,10.37,734.53,-0.94,0.97,149.56,0
2020-03-23T03:43:00-05:00,83.78,10.35,734.16,-2.7,0.54,83.42,0
2020-03-23T03:44:00-05:00,84.06,10.33,733.76,-3.44,0.71,52.95,0
2020-03-23T03:45:00-05:00,84.2,10.3,734.09,-0.35,0.66,92.83,0
2020-03-23T03:46:00-05:00,84.21,10.32,733.56,-1.67,0.6,129.25,0
2020-03-23T03:47:00-05:00,84.34,10.33,733.32,-2.26,0.57,83.91,0
2020-03-23T03:48:00-05:00,84.71,10.32,734.76,-2.85,0.21,108.38,0
2020-03-23T03:49:00-05:00,85.41,10.32,733.99,-1.38,0.66,107.83,0
2020-03-23T03:50:00-05:00,85.79,10.34,734.26,-1.08,0.73,71.3,0
2020-03-23T03:51:00-05:00,86.14,10.36,734.56,-0.79,0.6,87.42,0
2020-03-23T03:52:00-05:00,86.08,10.4,734.39,0.24,0.56,113.58,0
2020-03-23T03:53:00-05:00,86.03,10.44,734.46,-1.38,0.62,121.77,0
2020-03-23T03:54:00-05:00,86.18,10.43,734.83,-0.35,0.6,158.17,0
2020-03-23T03:55:00-05:00,86.24,10.47,734.43,-0.79,0.64,165.47,0
2020-03-23T03:56:00-05:00,86.14,10.48,734.49,0.83,0.61,158.16,0
2020-03-23T03:57:00-05:00,85.99,10.51,735.53,0.09,0.43,139.3,0
2020-03-23T03:58:00-05:00,86.13,10.54,734.66,0.39,0.24,134.58,0
2020-03-23T03:59:00-05:00,85.91,10.55,734.86,1.27,0.33,120.62,0
2020-03-23T04:00:00-05:00,85.63,10.59,735.4,0.09,0.59,105.8,0
2020-03-23T04:01:00-05:00,85.83,10.63,735,0.09,0.26,174.47,0
2020-03-23T04:02:00-05:00,85.91,10.66,735.43,-1.08,0.37,130.26,0
2020-03-23T04:03:00-05:00,85.81,10.67,735.7,-0.2,0.59,92.56,0
2020-03-23T04:04:00-05:00,85.94,10.7,735.8,0.83,0.51,75.22,0
2020-03-23T04:05:00-05:00,86.02,10.72,735.8,1.42,0.49,113.21,0
2020-03-23T04:06:00-05:00,86.24,10.74,735.26,1.42,0.55,121.5,0
2020-03-23T04:07:00-05:00,86.05,10.75,735.16,0.09,0.29,91.96,0
2020-03-23T04:08:00-05:00,86,10.76,736.27,1.56,0.61,88.61,0
2020-03-23T04:09:00-05:00,85.77,10.79,735.6,-0.64,0.14,149.2,0
2020-03-23T04:10:00-05:00,85.43,10.82,735.63,-0.49,0.33,151.19,0
2020-03-23T04:11:00-05:00,84.86,10.83,736.2,-0.2,0.48,182.07,0
2020-03-23T04:12:00-05:00,84.56,10.87,736.5,-0.79,0.53,208.32,0
2020-03-23T04:13:00-05:00,84.54,10.88,735.77,-0.79,0.58,220.85,0
2020-03-23T04:14:00-05:00,84.87,10.9,736.57,-0.49,0.73,199.35,0
2020-03-23T04:15:00-05:00,84.68,10.88,736.1,-0.64,0.56,205.01,0
2020-03-23T04:16:00-05:00,84.63,10.88,736.6,-1.23,0.59,193.36,0
2020-03-23T04:17:00-05:00,84.16,10.88,735.97,-1.52,0.58,143.24,0
2020-03-23T04:18:00-05:00,84.36,10.9,736,-1.08,0.58,160.52,0
2020-03-23T04:19:00-05:00,84.61,10.91,736.5,0.39,0.5,118.63,0
2020-03-23T04:20:00-05:00,85.03,10.94,736.57,1.27,0.44,53.99,0
2020-03-23T04:21:00-05:00,84.71,10.96,736.54,1.27,0.15,80.74,0
2020-03-23T04:22:00-05:00,85.05,10.97,736.33,-1.08,0.55,107.63,0
2020-03-23T04:23:00-05:00,84.96,10.99,736.77,-1.08,0.06,46.28,0
2020-03-23T04:24:00-05:00,85.05,11,735.97,0.53,0.46,157.2,0
2020-03-23T04:25:00-05:00,84.65,11,736.7,1.27,0.49,80.97,0
2020-03-23T04:26:00-05:00,83.88,11.02,736.03,-0.35,0.38,48.88,0
2020-03-23T04:27:00-05:00,84.06,11.03,736.23,-0.64,0.08,248.83,0
2020-03-23T04:28:00-05:00,84.93,11.04,736.87,0.09,0.11,172.14,0
2020-03-23T04:29:00-05:00,85.56,11.06,736.3,-0.2,0.13,229.8,0
2020-03-23T04:30:00-05:00,84.77,11.06,736.57,-1.08,0.17,172.16,0
2020-03-23T04:31:00-05:00,84.12,11.06,736.23,0.39,0.23,136.51,0
2020-03-23T04:32:00-05:00,83.86,11.06,736,-0.2,0.18,129.3,0
2020-03-23T04:33:00-05:00,83.97,11.06,736.94,-0.2,0.28,130.95,0
2020-03-23T04:34:00-05:00,84.22,11.08,737.14,-1.38,0.6,106.7,0
2020-03-23T04:35:00-05:00,82.75,11.08,736.77,-1.52,0.09,203.28,0
2020-03-23T04:36:00-05:00,82.05,11.08,736.9,-1.23,0.06,38.7,0
2020-03-23T04:37:00-05:00,81.89,11.09,737.07,0.83,0.65,106.7,0
2020-03-23T04:38:00-05:00,82.57,11.13,736.17,-0.64,0.6,64.95,0
2020-03-23T04:39:00-05:00,83.19,11.15,737.34,-1.23,0.24,97.39,0
2020-03-23T04:40:00-05:00,83.72,11.15,737.2,-1.97,0.23,128.33,0
2020-03-23T04:41:00-05:00,83.5,11.16,737.47,-1.23,0.21,175.13,0
2020-03-23T04:42:00-05:00,83.26,11.14,736.33,0.09,0.45,148.26,0
2020-03-23T04:43:00-05:00,83.18,11.15,736.67,-1.67,0.21,136.19,0
2020-03-23T04:44:00-05:00,83.13,11.13,737.34,-1.97,0.27,331.55,0
2020-03-23T04:45:00-05:00,82.7,11.14,737.1,-1.97,1.23,276.73,0
2020-03-23T04:46:00-05:00,81.24,11.1,737.07,-1.23,0.93,297.61,0
2020-03-23T04:47:00-05:00,79.83,11.14,736.2,-1.38,0.57,248.82,0
2020-03-23T04:48:00-05:00,79.83,11.14,737.24,0.09,0.32,241.83,0
2020-03-23T04:49:00-05:00,80.11,11.17,737.27,-0.05,0.63,206.01,0
2020-03-23T04:50:00-05:00,80.14,11.17,737.44,-0.79,0.55,222.3,0
2020-03-23T04:51:00-05:00,81.11,11.2,737.14,0.53,0.43,184.99,0
2020-03-23T04:52:00-05:00,81.35,11.18,736.64,0.68,0.39,226.22,0
2020-03-23T04:53:00-05:00,81.85,11.16,736.67,-2.11,0.18,298.68,0
2020-03-23T04:54:00-05:00,82.13,11.16,737.27,-0.64,0.51,29.48,0
2020-03-23T04:55:00-05:00,81.42,11.16,737.14,-1.23,0.57,34.72,0
2020-03-23T04:56:00-05:00,81.36,11.12,736.4,-2.55,0.66,42.89,0
2020-03-23T04:57:00-05:00,81.64,11.12,736.64,0.68,0.22,11.79,0
2020-03-23T04:58:00-05:00,81.81,11.12,737.14,0.68,0.26,144.46,0
2020-03-23T04:59:00-05:00,82.07,11.12,736.64,-1.97,0.16,131.3,0
2020-03-23T05:00:00-05:00,81.63,11.11,737.41,0.39,0.15,145.3,0
2020-03-23T05:01:00-05:00,81.85,11.11,736.7,-0.2,0.06,129.31,0
2020-03-23T05:02:00-05:00,82.45,11.14,737.04,-1.38,0.06,141.23,0
2020-03-23T05:03:00-05:00,82.65,11.15,736.13,-0.05,0.06,152.16,0
2020-03-23T05:04:00-05:00,82.63,11.14,736.87,-2.26,0.3,35.18,0
2020-03-23T05:05:00-05:00,82.56,11.14,736.13,0.24,0.32,300.67,0
2020-03-23T05:06:00-05:00,81.69,11.13,736.47,-1.23,0.06,44.97,0
2020-03-23T05:07:00-05:00,81.99,11.12,736.33,-1.82,0.24,32.69,0
2020-03-23T05:08:00-05:00,82.89,11.13,736.64,0.09,0.27,122.55,0
2020-03-23T05:09:00-05:00,82.49,11.12,737.07,-1.97,0.56,78.91,0
2020-03-23T05:10:00-05:00,82.87,11.1,737.31,0.39,0.56,39.76,0
2020-03-23T05:11:00-05:00,83.07,11.13,736.6,-2.26,0.09,156.58,0
2020-03-23T05:12:00-05:00,83.52,11.13,736.27,-0.64,0.43,80.31,0
2020-03-23T05:13:00-05:00,83.77,11.11,736.8,0.24,0.6,97.82,0
2020-03-23T05:14:00-05:00,83.32,11.12,736.87,-2.11,0.56,46.25,0
2020-03-23T05:15:00-05:00,80.91,11.11,736.23,-2.11,2.19,30.63,0
2020-03-23T05:16:00-05:00,79.53,11.23,735.97,0.09,0.52,103.29,0
2020-03-23T05:17:00-05:00,80.52,11.27,736.4,-0.94,0.68,155.5,0
2020-03-23T05:18:00-05:00,80.93,11.24,736.8,-2.55,0.55,100.22,0
2020-03-23T05:19:00-05:00,81.68,11.26,736.9,-2.55,0.23,92.61,0
2020-03-23T05:20:00-05:00,81.92,11.24,735.9,-3.58,0.59,152.12,0
2020-03-23T05:21:00-05:00,81.63,11.19,736.33,-1.52,0.62,143.2,0
2020-03-23T05:22:00-05:00,81.78,11.14,736.17,-3.88,0.57,146.27,0
2020-03-23T05:23:00-05:00,82.14,11.09,736.43,-4.46,0.68,143.18,0
2020-03-23T05:24:00-05:00,82.24,11.05,736.13,-3.14,0.57,125.24,0
2020-03-23T05:25:00-05:00,82.8,11.03,735.9,-4.17,0.52,120.28,0
2020-03-23T05:26:00-05:00,82.95,11,735.36,-4.91,0.21,95.3,0
2020-03-23T05:27:00-05:00,83.29,10.98,734.76,-3.58,0.25,84.05,0
2020-03-23T05:28:00-05:00,83.32,10.96,736.03,-5.64,0.25,155.53,0
2020-03-23T05:29:00-05:00,81.45,10.91,735.4,-4.91,0.59,148.22,0
2020-03-23T05:30:00-05:00,81.12,10.89,735.6,-2.7,0.58,159.53,0
2020-03-23T05:31:00-05:00,81.07,10.88,735.13,-2.55,0.68,155.2,0
2020-03-23T05:32:00-05:00,81.48,10.87,734.96,-3.88,0.74,136.55,0
2020-03-23T05:33:00-05:00,81.7,10.85,735.36,-4.17,0.79,141.2,0
2020-03-23T05:34:00-05:00,81.76,10.8,734.66,-4.76,0.68,134.6,0
2020-03-23T05:35:00-05:00,81.89,10.79,734.63,-4.02,0.57,124.55,0
2020-03-23T05:36:00-05:00,82.17,10.79,734.26,-4.76,0.56,123.72,0
2020-03-23T05:37:00-05:00,82.45,10.78,734.33,-3.44,0.51,121.22,0
2020-03-23T05:38:00-05:00,82.02,10.76,734.49,-4.46,0.58,101.21,0
2020-03-23T05:39:00-05:00,81.49,10.76,733.99,-3.44,0.57,148.22,0
2020-03-23T05:40:00-05:00,81.16,10.75,734.09,-2.99,0.19,143.5,0
2020-03-23T05:41:00-05:00,81.04,10.74,733.99,-5.05,0.21,194.22,0
2020-03-23T05:42:00-05:00,81.04,10.76,734.39,-5.2,0.47,244.13,0
2020-03-23T05:43:00-05:00,81.07,10.73,733.32,-5.2,0.32,238.87,0
2020-03-23T05:44:00-05:00,81.32,10.74,733.52,-2.7,0.65,139.29,0
2020-03-23T05:45:00-05:00,81.56,10.71,734.46,-4.76,0.59,139.29,0
2020-03-23T05:46:00-05:00,81.57,10.71,734.79,-2.7,0.59,120.67,0
2020-03-23T05:47:00-05:00,81.99,10.68,733.56,-3.14,0.34,107.74,0
2020-03-23T05:48:00-05:00,82.33,10.66,734.13,-2.99,0.56,119.67,0
2020-03-23T05:49:00-05:00,82.45,10.65,733.52,-2.55,0.53,115.58,0
2020-03-23T05:50:00-05:00,82.69,10.64,734.69,-3.14,0.69,164.17,0
2020-03-23T05:51:00-05:00,82.35,10.62,738.48,-0.2,0.63,151.52,0
2020-03-23T05:52:00-05:00,82.41,10.62,738.11,1.12,0.58,135.2,0
2020-03-23T05:53:00-05:00,82.53,10.63,738.41,0.83,0.41,141.41,0
2020-03-23T05:54:00-05:00,82.55,10.64,737.77,-0.79,0.58,114.1,0
2020-03-23T05:55:00-05:00,82.67,10.64,737.67,0.68,0.65,103.58,0
2020-03-23T05:56:00-05:00,82.37,10.66,738.04,0.68,0.66,122.48,0
2020-03-23T05:57:00-05:00,82.48,10.65,738.64,1.27,0.63,118.2,0
2020-03-23T05:58:00-05:00,82.64,10.67,738.38,-0.05,0.65,110.79,0
2020-03-23T05:59:00-05:00,82.63,10.68,738.71,-0.79,0.54,118.72,0
2020-03-23T06:00:00-05:00,82.53,10.68,737.97,1.86,0.59,111.79,0
2020-03-23T06:01:00-05:00,82.68,10.68,738.95,2.45,0.65,119.1,0
2020-03-23T06:02:00-05:00,82.45,10.66,737.87,2.74,0.64,127.24,0
2020-03-23T06:03:00-05:00,82.29,10.65,738.48,1.56,0.45,103.31,0
2020-03-23T06:04:00-05:00,81.92,10.63,739.05,5.53,0.38,117.48,0
2020-03-23T06:05:00-05:00,81.94,10.6,737.91,6.56,0.6,100.27,0
2020-03-23T06:06:00-05:00,81.95,10.6,738.81,6.27,0.81,93.67,0
2020-03-23T06:07:00-05:00,81.8,10.56,738.21,7.74,0.64,124.21,0
2020-03-23T06:08:00-05:00,81.95,10.55,738.14,9.21,0.77,126.74,0
2020-03-23T06:09:00-05:00,82.02,10.51,738.91,10.53,0.68,106.54,0
2020-03-23T06:10:00-05:00,82.09,10.51,737.87,9.5,0.64,116.78,0
2020-03-23T06:11:00-05:00,82.15,10.5,737.91,12.3,0.73,107.85,0
2020-03-23T06:12:00-05:00,82.5,10.48,737.97,13.91,0.71,116.16,0
2020-03-23T06:13:00-05:00,82.4,10.48,738.04,13.62,0.79,111.25,0
2020-03-23T06:14:00-05:00,82.52,10.46,738.28,16.56,0.59,102.78,0
2020-03-23T06:15:00-05:00,82.38,10.46,738.64,16.71,0.78,110.56,0
2020-03-23T06:16:00-05:00,82.35,10.46,738.18,17,0.93,110.4,0
2020-03-23T06:17:00-05:00,82.34,10.44,738.64,19.94,0.44,140.1,0
2020-03-23T06:18:00-05:00,82.45,10.44,737.97,20.82,0.64,134.22,0
2020-03-23T06:19:00-05:00,82.54,10.45,739.11,24.65,0.61,138.27,0
2020-03-23T06:20:00-05:00,82.88,10.46,738.44,29.5,0.58,133.18,0
2020-03-23T06:21:00-05:00,82.98,10.48,738.48,32.59,0.61,137.27,0
2020-03-23T06:22:00-05:00,82.79,10.5,738.88,35.67,0.66,121.95,0
2020-03-23T06:23:00-05:00,82.65,10.5,739.41,41.41,0.6,121.44,0
2020-03-23T06:24:00-05:00,83,10.53,739.41,45.23,0.59,110.37,0
2020-03-23T06:25:00-05:00,83.28,10.55,739.95,48.91,0.3,87.37,0
2020-03-23T06:26:00-05:00,83.46,10.54,739.35,51.99,0.33,171.18,0
2020-03-23T06:27:00-05:00,83.66,10.57,740.32,55.08,0.51,140.62,0
2020-03-23T06:28:00-05:00,83.64,10.59,739.51,57.73,0.61,142.21,0
2020-03-23T06:29:00-05:00,83.58,10.61,739.92,60.52,0.64,166.41,0
2020-03-23T06:30:00-05:00,83.38,10.62,740.45,63.75,0.54,175.1,0
2020-03-23T06:31:00-05:00,83.56,10.66,740.12,65.67,0.6,202.3,0
2020-03-23T06:32:00-05:00,83.91,10.68,741.02,64.2,0.3,224.9,0
2020-03-23T06:33:00-05:00,84.2,10.7,740.42,67.28,0.54,205.35,0
2020-03-23T06:34:00-05:00,84.5,10.72,741.36,65.08,0.49,161.14,0
2020-03-23T06:35:00-05:00,84.72,10.74,740.62,66.84,0.08,221.96,0
2020-03-23T06:36:00-05:00,85.03,10.76,741.15,63.46,0.23,233.86,0
2020-03-23T06:37:00-05:00,85.09,10.8,741.05,65.81,0.06,97.61,0
2020-03-23T06:38:00-05:00,85.18,10.82,741.99,63.46,0.62,34.04,0
2020-03-23T06:39:00-05:00,84.22,10.82,741.36,65.22,0.62,70.58,0
2020-03-23T06:40:00-05:00,83.81,10.81,741.29,68.75,0.7,59.07,0
2020-03-23T06:41:00-05:00,84.01,10.86,741.89,69.93,0.8,59.99,0
2020-03-23T06:42:00-05:00,83.5,10.86,742.36,73.9,0.78,73.96,0
2020-03-23T06:43:00-05:00,84.2,10.89,741.92,73.75,0.85,82.97,0
2020-03-23T06:44:00-05:00,84.37,10.9,741.92,73.75,0.54,40.35,0
2020-03-23T06:45:00-05:00,84.56,10.93,742.46,72.87,0.71,58.91,0
2020-03-23T06:46:00-05:00,84.49,10.97,741.69,74.34,0.61,102.63,0
2020-03-23T06:47:00-05:00,84.67,10.99,742.66,72.72,0.72,71.46,0
2020-03-23T06:48:00-05:00,84.51,11,742.19,72.87,0.89,60.91,0
2020-03-23T06:49:00-05:00,84.54,11,741.62,76.55,0.87,74.59,0
2020-03-23T06:50:00-05:00,84.42,11.02,742.29,75.37,1.07,59.06,0
2020-03-23T06:51:00-05:00,84.72,11.03,742.76,72.72,0.88,53.93,0
2020-03-23T06:52:00-05:00,85.03,11.05,743.23,74.93,0.72,32.87,0
2020-03-23T06:53:00-05:00,84.84,11.08,743.6,73.75,0.56,70.62,0
2020-03-23T06:54:00-05:00,85.29,11.1,743.03,74.49,0.2,350.56,0
2020-03-23T06:55:00-05:00,85.07,11.14,738.54,75.66,0.53,342.53,0
2020-03-23T06:56:00-05:00,84.81,11.18,738.81,75.52,0.18,32.5,0
2020-03-23T06:57:00-05:00,85.01,11.21,739.62,70.96,0.23,341.58,0
2020-03-23T06:58:00-05:00,85.38,11.26,739.88,70.66,0.7,49.72,0
2020-03-23T06:59:00-05:00,84.3,11.28,740.12,67.58,0.38,34.99,0
2020-03-23T07:00:00-05:00,84.18,11.28,739.78,67.58,0.61,344.52,0
2020-03-23T07:01:00-05:00,84.29,11.28,739.62,69.05,0.6,24.72,0
2020-03-23T07:02:00-05:00,84.05,11.3,740.28,69.64,0.53,39.66,0
2020-03-23T07:03:00-05:00,84.04,11.32,739.92,71.4,0.42,5,0
2020-03-23T07:04:00-05:00,83.75,11.34,739.98,73.46,0.18,335.55,0
2020-03-23T07:05:00-05:00,84.44,11.39,740.18,75.22,0.14,286,0
2020-03-23T07:06:00-05:00,85.2,11.44,740.18,76.84,0.18,220.87,0
2020-03-23T07:07:00-05:00,85.08,11.48,740.49,78.9,0.72,60.36,0
2020-03-23T07:08:00-05:00,84.9,11.5,740.52,80.07,0.22,167.08,0
2020-03-23T07:09:00-05:00,84.59,11.53,739.92,79.04,0.28,266.12,0
2020-03-23T07:10:00-05:00,84.04,11.55,740.69,79.93,0.53,291.7,0
2020-03-23T07:11:00-05:00,83.38,11.56,741.32,79.04,0.52,239.86,0
2020-03-23T07:12:00-05:00,82.74,11.57,741.19,80.81,0.2,161.12,0
2020-03-23T07:13:00-05:00,82.83,11.6,741.56,81.99,0.32,225.9,0
2020-03-23T07:14:00-05:00,82.57,11.63,741.69,84.19,0.24,213.98,0
2020-03-23T07:15:00-05:00,82.85,11.65,742.03,85.37,0.13,153.11,0
2020-03-23T07:16:00-05:00,82.85,11.67,741.15,86.25,0.21,197.99,0
2020-03-23T07:17:00-05:00,82.54,11.69,741.19,88.16,0.55,183.05,0
2020-03-23T07:18:00-05:00,82.63,11.7,741.99,96.54,0.54,160.12,0
2020-03-23T07:19:00-05:00,83.56,11.73,742.03,110.21,0.22,177.08,0
2020-03-23T07:20:00-05:00,84.1,11.76,742.69,126.24,0.25,142.21,0
2020-03-23T07:21:00-05:00,83.38,11.81,742.96,135.21,0.39,68.06,0
2020-03-23T07:22:00-05:00,82.49,11.83,743.03,139.91,0.36,87.27,0
2020-03-23T07:23:00-05:00,82.4,11.88,743.16,135.35,0.22,10.06,0
2020-03-23T07:24:00-05:00,82.34,11.91,743.13,134.33,0.52,6.05,0
2020-03-23T07:25:00-05:00,82.35,11.95,743.36,136.97,0.12,326.61,0
2020-03-23T07:26:00-05:00,82.05,11.99,739.51,139.77,0.24,36.67,0
2020-03-23T07:27:00-05:00,81.82,12.05,739.35,141.97,0.56,350.52,0
2020-03-23T07:28:00-05:00,81.1,12.09,739.68,138.59,0.57,10.31,0
2020-03-23T07:29:00-05:00,81.08,12.13,739.55,134.33,0.18,65.42,0
2020-03-23T07:30:00-05:00,80.88,12.17,738.78,125.21,0.36,7.52,0
2020-03-23T07:31:00-05:00,81.1,12.21,738.88,118.74,0.22,331.51,0
2020-03-23T07:32:00-05:00,80.65,12.25,739.41,129.62,0.48,60.72,0
2020-03-23T07:33:00-05:00,79.88,12.25,739.41,147.26,0.49,104.25,0
2020-03-23T07:34:00-05:00,80.64,12.29,739.78,189.61,0.37,156.21,0
2020-03-23T07:35:00-05:00,80.8,12.35,738.85,195.78,0.26,228.84,0
2020-03-23T07:36:00-05:00,80.89,12.43,738.74,188.14,0.22,221.92,0
2020-03-23T07:37:00-05:00,81.08,12.51,739.41,355.6,0.32,193.95,0
2020-03-23T07:38:00-05:00,80.53,12.62,738.88,352.36,0.5,166.12,0
2020-03-23T07:39:00-05:00,79.71,12.65,738.54,199.46,0.26,189.4,0
2020-03-23T07:40:00-05:00,80.17,12.73,738.88,342.81,0.56,123.6,0
2020-03-23T07:41:00-05:00,80.74,12.86,738.64,322.66,0.26,262.09,0
2020-03-23T07:42:00-05:00,79.49,12.97,739.01,328.84,0.63,266.76,0
2020-03-23T07:43:00-05:00,78.12,13.08,738.41,202.25,0.29,317.95,0
2020-03-23T07:44:00-05:00,78.18,13.17,739.38,146.97,0.62,242.79,0
2020-03-23T07:45:00-05:00,77.48,13.18,739.15,128.89,0.55,202.29,0
2020-03-23T07:46:00-05:00,77.66,13.22,738.85,134.91,0.24,272.66,0
2020-03-23T07:47:00-05:00,77.37,13.26,739.65,150.5,0.31,224.19,0
2020-03-23T07:48:00-05:00,77.74,13.28,738.88,161.38,0.22,241.82,0
2020-03-23T07:49:00-05:00,77.62,13.3,738.98,158.14,0.77,233.86,0
2020-03-23T07:50:00-05:00,76.93,13.3,739.75,145.65,0.59,213.94,0
2020-03-23T07:51:00-05:00,77.05,13.24,738.95,144.32,0.58,253.73,0
2020-03-23T07:52:00-05:00,76.55,13.21,739.28,168.58,0.07,100.31,0
2020-03-23T07:53:00-05:00,76.19,13.19,740.05,208.87,0.08,19.56,0
2020-03-23T07:54:00-05:00,76.2,13.21,740.62,252.83,0.14,302.65,0
2020-03-23T07:55:00-05:00,76.53,13.27,741.26,406.61,0.07,11.65,0
2020-03-23T07:56:00-05:00,76.63,13.38,741.39,533.2,0.59,72.18,0
2020-03-23T07:57:00-05:00,77.19,13.54,739.31,429.7,0.47,180.37,0
2020-03-23T07:58:00-05:00,76.72,13.66,739.25,493.5,0.5,240.22,0
2020-03-23T07:59:00-05:00,76.28,13.75,738.74,290.61,0.64,276.69,0
2020-03-23T08:00:00-05:00,75,13.8,738.85,492.62,0.62,264.05,0
2020-03-23T08:01:00-05:00,75.6,13.9,739.41,277.82,0.65,162.2,0
2020-03-23T08:02:00-05:00,75.37,13.97,738.21,407.79,0.1,194.38,0
2020-03-23T08:03:00-05:00,74.31,14.07,738.71,350.89,0.55,253.76,0
2020-03-23T08:04:00-05:00,73.93,14.17,740.42,607.59,0.64,1.14,0
2020-03-23T08:05:00-05:00,76.11,14.37,739.11,507.18,0.56,335.53,0
2020-03-23T08:06:00-05:00,73.74,14.51,739.21,341.48,0.35,344.52,0
2020-03-23T08:07:00-05:00,71.27,14.64,738.68,609.21,0.52,53.04,0
2020-03-23T08:08:00-05:00,71.19,14.75,739.28,331.63,0.62,87.38,0
2020-03-23T08:09:00-05:00,71.69,14.83,738.34,313.4,0.32,189.04,0
2020-03-23T08:10:00-05:00,71.59,14.91,738.95,394.12,0.23,303.61,0
2020-03-23T08:11:00-05:00,70.39,14.95,739.15,514.38,0.5,234.84,0
2020-03-23T08:12:00-05:00,71.14,14.99,739.85,331.34,0.49,290.66,0
2020-03-23T08:13:00-05:00,70.27,15.03,739.82,341.92,0.55,277.71,0
2020-03-23T08:14:00-05:00,70.85,15.09,741.19,637.29,0.29,325.56,0
2020-03-23T08:15:00-05:00,70.74,15.22,741.12,485.71,0.24,295.93,0
2020-03-23T08:16:00-05:00,68.25,15.31,742.59,379.85,1.37,36.9,0
2020-03-23T08:17:00-05:00,68.48,15.16,741.52,704.78,0.57,84.36,0
2020-03-23T08:18:00-05:00,68.51,15.13,739.18,523.35,0.69,357.41,0
2020-03-23T08:19:00-05:00,69.63,15.13,738.81,363.54,0.75,36.32,0
2020-03-23T08:20:00-05:00,68.04,15.01,738.54,322.81,1.17,44.37,0
2020-03-23T08:21:00-05:00,69.43,14.84,739.35,320.31,0.75,20.18,0
2020-03-23T08:22:00-05:00,69.9,14.73,738.81,325.16,1.1,347.45,0
2020-03-23T08:23:00-05:00,70.39,14.61,739.15,311.34,0.96,26.12,0
2020-03-23T08:24:00-05:00,71.31,14.49,738.71,295.9,0.6,340.5,0
2020-03-23T08:25:00-05:00,70.87,14.39,739.82,287.23,0.9,356.43,0
2020-03-23T08:26:00-05:00,71.33,14.23,738.88,284.58,0.6,353.48,0
2020-03-23T08:27:00-05:00,72.38,14.16,739.55,281.2,0.57,74.79,0
2020-03-23T08:28:00-05:00,71.64,14.11,738.78,274,0.41,45.91,0
2020-03-23T08:29:00-05:00,71.79,14.1,738.64,281.64,0.33,57.01,0
2020-03-23T08:30:00-05:00,73.09,14.1,738.85,301.05,0.76,42.3,0
2020-03-23T08:31:00-05:00,73.24,14.15,739.62,300.17,0.93,352.79,0
2020-03-23T08:32:00-05:00,72.12,14.18,739.15,325.6,0.57,334.94,0
2020-03-23T08:33:00-05:00,72.63,14.2,738.98,315.75,0.83,63.62,0
2020-03-23T08:34:00-05:00,72.36,14.24,738.64,317.66,0.95,33.46,0
2020-03-23T08:35:00-05:00,71.71,14.22,738.11,324.13,0.63,33.36,0
2020-03-23T08:36:00-05:00,72.36,14.26,739.08,381.91,0.49,106.08,0
2020-03-23T08:37:00-05:00,72.13,14.35,738.98,438.52,0.79,64.03,0
2020-03-23T08:38:00-05:00,72.16,14.38,739.25,379.56,0.27,263.05,0
2020-03-23T08:39:00-05:00,72.7,14.48,738.98,446.75,0.23,302.63,0
2020-03-23T08:40:00-05:00,71.37,14.54,739.51,463.51,0.69,323.82,0
2020-03-23T08:41:00-05:00,70.58,14.52,740.28,457.63,1.37,0.78,0
2020-03-23T08:42:00-05:00,71.03,14.54,740.79,469.83,0.93,347.47,0
2020-03-23T08:43:00-05:00,71.43,14.62,740.95,631.56,0.24,316.63,0
2020-03-23T08:44:00-05:00,70.58,14.75,738.98,673.76,0.65,0.75,0
2020-03-23T08:45:00-05:00,69.66,14.78,738.85,512.32,0.6,38.38,0
2020-03-23T08:46:00-05:00,70.25,14.83,739.48,347.8,0.73,72.95,0
2020-03-23T08:47:00-05:00,70.14,14.92,739.21,297.96,1.86,37.24,0
2020-03-23T08:48:00-05:00,70.61,14.91,739.62,278.41,2.56,33.27,0
2020-03-23T08:49:00-05:00,69.21,14.85,738.88,261.65,2.63,35.26,0
2020-03-23T08:50:00-05:00,68.61,14.69,739.62,237.83,1.16,53.78,0
2020-03-23T08:51:00-05:00,69.35,14.53,738.61,215.92,0.31,112.75,0
2020-03-23T08:52:00-05:00,70.26,14.51,738.34,212.69,0.65,7.19,0
2020-03-23T08:53:00-05:00,70.25,14.53,737.81,217.1,0.28,25.38,0
2020-03-23T08:54:00-05:00,70.24,14.44,737.54,235.18,0.99,31.85,0
2020-03-23T08:55:00-05:00,71.03,14.36,738.08,251.5,0.75,79.24,0
2020-03-23T08:56:00-05:00,70.76,14.32,737.27,269.73,0.59,53.42,0
2020-03-23T08:57:00-05:00,71.53,14.3,738.21,307.37,0.48,39.5,0
2020-03-23T08:58:00-05:00,70.93,14.34,738.78,333.25,1.24,59.87,0
2020-03-23T08:59:00-05:00,71.37,14.3,738.54,349.13,1.59,81.3,0
2020-03-23T09:00:00-05:00,71.8,14.3,738.11,380.74,0.79,43.69,0
2020-03-23T09:01:00-05:00,71.49,14.34,738.28,339.42,0.61,76.23,0
2020-03-23T09:02:00-05:00,72.47,14.37,737.61,296.05,0.49,71.63,0
2020-03-23T09:03:00-05:00,72.26,14.47,738.95,279.44,0.6,60.14,0
2020-03-23T09:04:00-05:00,69.79,14.48,738.98,262.97,0.58,7.68,0
2020-03-23T09:05:00-05:00,70.73,14.47,737.61,251.06,0.22,178.35,0
2020-03-23T09:06:00-05:00,73.33,14.55,738.81,250.62,0.45,19.39,0
2020-03-23T09:07:00-05:00,75.04,14.69,738.51,253.27,0.32,172.13,0
2020-03-23T09:08:00-05:00,73.45,14.77,739.08,251.8,0.29,236.83,0
2020-03-23T09:09:00-05:00,72.29,14.87,739.05,250.92,0.28,270.7,0
2020-03-23T09:10:00-05:00,72.64,14.93,738.88,253.27,0.27,284.99,0
2020-03-23T09:11:00-05:00,71.43,14.97,740.59,260.77,0.3,198.97,0
2020-03-23T09:12:00-05:00,70.99,15,739.92,257.38,0.34,250.16,0
2020-03-23T09:13:00-05:00,69.72,14.99,739.72,238.71,0.27,142.48,0
2020-03-23T09:14:00-05:00,71.09,14.99,738.71,227.83,0.58,198.36,0
2020-03-23T09:15:00-05:00,70.85,15.01,738.61,214.75,0.33,288.61,0
2020-03-23T09:16:00-05:00,68.57,15,738.61,200.05,0.55,183.4,0
2020-03-23T09:17:00-05:00,68.32,14.99,738.41,187.11,0.32,96.51,0
2020-03-23T09:18:00-05:00,69.01,14.98,737.77,183.14,0.22,201.22,0
2020-03-23T09:19:00-05:00,69.64,15.03,737.34,178.14,0.31,84.24,0
2020-03-23T09:20:00-05:00,69.17,15.03,737.41,167.7,1.08,43.09,0
2020-03-23T09:21:00-05:00,69.37,15.01,737.57,154.76,0.78,11.75,0
2020-03-23T09:22:00-05:00,68.67,14.95,737.37,140.94,0.32,346.48,0
2020-03-23T09:23:00-05:00,69.13,14.91,737.97,129.77,0.16,34,0
2020-03-23T09:24:00-05:00,70.1,14.93,737.61,128,0.64,4.72,0
2020-03-23T09:25:00-05:00,69.94,14.9,737.57,126.83,0.21,277.69,0
2020-03-23T09:26:00-05:00,68.49,14.85,736.9,123.74,1.06,64.27,0
2020-03-23T09:27:00-05:00,68.44,14.67,736.13,120.51,1.15,54.12,0
2020-03-23T09:28:00-05:00,69.35,14.53,736.37,116.68,1.19,44.25,0
2020-03-23T09:29:00-05:00,70.4,14.46,735.93,114.48,0.97,60.23,0
2020-03-23T09:30:00-05:00,70.12,14.39,735.83,116.83,0.42,51.11,0
2020-03-23T09:31:00-05:00,70.4,14.34,735.53,120.65,0.62,51.39,0
2020-03-23T09:32:00-05:00,70.68,14.3,736.2,121.24,0.55,13.98,0
2020-03-23T09:33:00-05:00,70.43,14.26,735.63,124.18,0.61,44.04,0
2020-03-23T09:34:00-05:00,70.49,14.24,735.8,125.06,0.68,62,0
2020-03-23T09:35:00-05:00,70.93,14.23,735.6,131.38,0.41,71.22,0
2020-03-23T09:36:00-05:00,71.67,14.24,735.67,136.24,0.73,61.41,0
2020-03-23T09:37:00-05:00,72.03,14.24,734.39,134.91,0.45,357.7,0
2020-03-23T09:38:00-05:00,72.29,14.28,739.58,139.77,0.59,30.68,0
2020-03-23T09:39:00-05:00,72.84,14.3,739.15,147.12,0.78,42.45,0
2020-03-23T09:40:00-05:00,72.49,14.31,739.82,151.38,0.76,35.54,0
2020-03-23T09:41:00-05:00,71.16,14.32,739.18,158.44,0.87,48.35,0
2020-03-23T09:42:00-05:00,71.52,14.34,739.25,165.79,0.47,15.64,0
2020-03-23T09:43:00-05:00,72.09,14.37,738.85,176.08,0.4,74.08,0
2020-03-23T09:44:00-05:00,71.97,14.4,739.72,192.25,0.58,356.46,0
2020-03-23T09:45:00-05:00,71.95,14.43,739.45,208.87,0.69,336.55,0
2020-03-23T09:46:00-05:00,71.34,14.47,739.75,219.01,0.63,346.78,0
2020-03-23T09:47:00-05:00,70.65,14.45,738.85,233.42,1.28,37.18,0
2020-03-23T09:48:00-05:00,70.12,14.47,738.85,260.03,0.6,13.71,0
2020-03-23T09:49:00-05:00,69.6,14.43,739.82,286.05,0.21,339.5,0
2020-03-23T09:50:00-05:00,70.36,14.46,739.08,310.75,1.22,317.95,0
2020-03-23T09:51:00-05:00,70.77,14.52,739.88,316.49,1.46,15.51,0
2020-03-23T09:52:00-05:00,70.05,14.55,740.02,308.84,0.67,24.22,0
2020-03-23T09:53:00-05:00,70.34,14.62,739.75,303.26,0.91,347.48,0
2020-03-23T09:54:00-05:00,70.78,14.69,740.59,290.46,0.59,283.05,0
2020-03-23T09:55:00-05:00,69.59,14.75,740.52,286.49,0.37,294.67,0
2020-03-23T09:56:00-05:00,69.96,14.81,741.02,301.79,0.2,242.08,0
2020-03-23T09:57:00-05:00,69.73,14.94,740.62,400,0.3,346.51,0
2020-03-23T09:58:00-05:00,68.51,15.03,741.19,338.54,0.46,230.89,0
2020-03-23T09:59:00-05:00,69.43,15.16,739.08,304.43,0.3,297.6,0
2020-03-23T10:00:00-05:00,69.64,15.26,738.74,292.82,0.88,345.47,0
2020-03-23T10:01:00-05:00,68.16,15.36,739.01,296.05,0.51,21.23,0
2020-03-23T10:02:00-05:00,67.52,15.4,739.08,311.93,0.66,6.66,0
2020-03-23T10:03:00-05:00,67.62,15.43,739.05,339.42,0.97,43.61,0
2020-03-23T10:04:00-05:00,66.37,15.41,739.11,363.68,0.7,87.83,0
2020-03-23T10:05:00-05:00,67.72,15.41,738.71,375.15,0.59,23.77,0
2020-03-23T10:06:00-05:00,67.13,15.45,739.75,396.47,0.64,351.5,0
2020-03-23T10:07:00-05:00,66.2,15.53,738.48,419.11,0.71,32.61,0
2020-03-23T10:08:00-05:00,66.31,15.54,739.21,419.7,0.27,165.13,0
2020-03-23T10:09:00-05:00,66.8,15.61,739.05,414.26,0.52,328.9,0
2020-03-23T10:10:00-05:00,66.49,15.72,738.58,414.41,0.13,58.41,0
2020-03-23T10:11:00-05:00,65.99,15.8,738.54,412.49,1.06,2.1,0
2020-03-23T10:12:00-05:00,67.42,15.9,739.18,411.02,0.61,262.67,0
2020-03-23T10:13:00-05:00,66.14,16.04,738.71,397.64,0.22,216.3,0
2020-03-23T10:14:00-05:00,63.74,16.05,738.48,361.62,0.85,34.99,0
2020-03-23T10:15:00-05:00,66.46,16.13,739.28,322.07,0.16,160.16,0
2020-03-23T10:16:00-05:00,67.67,16.21,739.21,290.76,0.61,275.73,0
2020-03-23T10:17:00-05:00,64.29,16.22,738.38,270.62,0.54,192.97,0
2020-03-23T10:18:00-05:00,66.55,16.26,738.44,253.71,0.09,237.77,0
2020-03-23T10:19:00-05:00,64.28,16.28,738.81,247.97,1.19,298.71,0
2020-03-23T10:20:00-05:00,63.39,16.22,738.81,256.36,0.66,268.03,0
2020-03-23T10:21:00-05:00,64.21,16.15,738.24,263.71,1.01,302.94,0
2020-03-23T10:22:00-05:00,64.64,16.1,738.48,273.7,0.84,306.58,0
2020-03-23T10:23:00-05:00,64.13,16.1,738.38,285.91,0.19,346.46,0
2020-03-23T10:24:00-05:00,63.17,16.13,738.34,306.2,0.23,138.7,0
2020-03-23T10:25:00-05:00,63.43,16.15,738.11,331.93,1.1,130.19,0
2020-03-23T10:26:00-05:00,63.09,16.03,738.74,346.48,0.63,24.3,0
2020-03-23T10:27:00-05:00,62.99,15.99,738.41,345.89,0.29,52.59,0
2020-03-23T10:28:00-05:00,63.71,16.01,739.45,321.05,0.58,69.97,0
2020-03-23T10:29:00-05:00,63.49,16.04,739.88,308.84,0.62,30.55,0
2020-03-23T10:30:00-05:00,64.68,16.1,739.18,320.6,0.56,50.64,0
2020-03-23T10:31:00-05:00,62.32,16.18,740.62,335.16,0.58,141.44,0
2020-03-23T10:32:00-05:00,64,16.26,740.12,326.34,0.55,289.98,0
2020-03-23T10:33:00-05:00,62.43,16.31,739.41,309.58,0.67,202.93,0
2020-03-23T10:34:00-05:00,61.62,16.32,739.31,295.61,0.52,217.9,0
2020-03-23T10:35:00-05:00,61.45,16.32,738.28,295.32,0.2,120.16,0
2020-03-23T10:36:00-05:00,62.51,16.32,738.34,283.55,0.4,35.58,0
2020-03-23T10:37:00-05:00,62.93,16.35,739.01,268.41,0.19,29.43,0
2020-03-23T10:38:00-05:00,63.06,16.42,739.62,265.03,0.68,45.44,0
2020-03-23T10:39:00-05:00,62.04,16.46,740.28,285.32,0.61,313.56,0
2020-03-23T10:40:00-05:00,62.24,16.49,738.74,295.76,0.62,14.45,0
2020-03-23T10:41:00-05:00,60.3,16.42,740.08,296.35,0.47,18.73,0
2020-03-23T10:42:00-05:00,60.42,16.38,739.85,300.32,0.55,71.01,0
2020-03-23T10:43:00-05:00,61.02,16.39,739.68,299.73,0.19,103.1,0
2020-03-23T10:44:00-05:00,61.7,16.43,739.75,305.76,0.55,173.13,0
2020-03-23T10:45:00-05:00,63,16.5,740.72,332.07,0.59,5.18,0
2020-03-23T10:46:00-05:00,63.75,16.58,740.85,391.76,0.2,148.24,0
2020-03-23T10:47:00-05:00,63.14,16.68,739.01,388.97,0.61,338.87,0
2020-03-23T10:48:00-05:00,62.14,16.73,738.48,397.79,0.61,38.82,0
2020-03-23T10:49:00-05:00,60.53,16.72,738.24,463.81,0.83,9.29,0
2020-03-23T10:50:00-05:00,59.63,16.7,739.05,723.89,0.87,24.47,0
2020-03-23T10:51:00-05:00,60.39,16.7,738.95,577.45,0.42,304.89,0
2020-03-23T10:52:00-05:00,60.21,16.8,738.81,1293.16,0.39,296.62,0
2020-03-23T10:53:00-05:00,60.29,17,738.38,583.48,0.63,178.04,0
2020-03-23T10:54:00-05:00,61.27,17.15,738.34,535.26,0.78,343.79,0
2020-03-23T10:55:00-05:00,60.93,17.31,739.35,792.84,0.56,248.12,0
2020-03-23T10:56:00-05:00,62.45,17.48,738.11,902.82,1.03,275.72,0
2020-03-23T10:57:00-05:00,61.42,17.69,738.31,1390.94,0.52,281.74,0
2020-03-23T10:58:00-05:00,58.52,17.95,738.85,1392.11,0.62,274.77,0
2020-03-23T10:59:00-05:00,56.58,18.12,738.01,1392.41,0.52,276.71,0
2020-03-23T11:00:00-05:00,58.32,18.31,737.91,1385.35,0.58,203.9,0
2020-03-23T11:01:00-05:00,55.74,18.32,738.08,1173.19,1.45,342.52,0
2020-03-23T11:02:00-05:00,60.77,18.47,738.74,1082.04,1.16,204.29,0
2020-03-23T11:03:00-05:00,55.41,18.63,738.11,1355.36,0.96,219.85,0
2020-03-23T11:04:00-05:00,55.63,18.75,739.15,770.64,0.7,246.09,0
2020-03-23T11:05:00-05:00,52.39,18.78,738.98,503.06,0.73,206.97,0
2020-03-23T11:06:00-05:00,54.69,18.77,738.51,458.81,0.74,199.31,0
2020-03-23T11:07:00-05:00,52.05,18.68,738.64,437.49,0.57,240.83,0
2020-03-23T11:08:00-05:00,52.3,18.58,737.87,416.76,0.77,249.15,0
2020-03-23T11:09:00-05:00,54.32,18.53,736.84,357.07,0.54,253.73,0
2020-03-23T11:10:00-05:00,52.33,18.41,735.6,323.99,0.99,210.95,0
2020-03-23T11:11:00-05:00,52.4,18.28,733.72,304.58,0.65,257.76,0
2020-03-23T11:12:00-05:00,57.27,18.26,732.52,277.97,0.56,163.19,0
2020-03-23T11:13:00-05:00,55.19,18.24,738.91,260.03,0.07,172.14,0
2020-03-23T11:14:00-05:00,56.23,18.27,738.85,247.09,0.6,286.65,0
2020-03-23T11:15:00-05:00,56.25,18.31,738.14,232.83,0.56,205.01,0
2020-03-23T11:16:00-05:00,52.61,18.23,737.84,208.43,0.64,289.59,0
2020-03-23T11:17:00-05:00,52.43,18.07,738.78,182.84,1.37,84.86,0
2020-03-23T11:18:00-05:00,54.26,17.91,738.28,161.67,0.58,275.72,0
2020-03-23T11:19:00-05:00,57.16,17.83,737.87,148.29,0.85,243.15,0
2020-03-23T11:20:00-05:00,56.8,17.74,738.04,140.65,2.08,234.81,0
2020-03-23T11:21:00-05:00,55.93,17.61,738.98,137.85,0.82,229.18,0
2020-03-23T11:22:00-05:00,55.25,17.48,738.14,135.5,0.56,188.07,0
2020-03-23T11:23:00-05:00,54.34,17.37,739.05,137.41,0.28,158.54,0
2020-03-23T11:24:00-05:00,57.13,17.34,738.14,140.5,0.57,208.95,0
2020-03-23T11:25:00-05:00,58.37,17.25,736.74,143,0.82,220.23,0
2020-03-23T11:26:00-05:00,54.82,17.14,736.1,148.73,0.37,242.83,0
2020-03-23T11:27:00-05:00,56.18,17.11,736.74,150.65,0.32,198.02,0
2020-03-23T11:28:00-05:00,58.61,17.07,735.1,155.35,0.74,156.49,0
2020-03-23T11:29:00-05:00,56.64,17.01,735.23,159.17,0.73,168.36,0
2020-03-23T11:30:00-05:00,55.14,16.96,734.09,163.44,0.78,149.19,0
2020-03-23T11:31:00-05:00,55.05,16.93,734.13,164.17,0.3,102.93,0
2020-03-23T11:32:00-05:00,55.33,16.94,738.14,163.88,0.39,66.28,0
2020-03-23T11:33:00-05:00,56.06,16.99,738.91,166.23,0.54,185.02,0
2020-03-23T11:34:00-05:00,57.49,16.99,738.24,166.67,0.64,207.98,0
2020-03-23T11:35:00-05:00,59.84,16.94,738.31,165.35,0.57,225.88,0
2020-03-23T11:36:00-05:00,59.44,16.88,739.05,161.67,0.37,327.59,0
2020-03-23T11:37:00-05:00,58.13,16.86,738.18,161.38,0.58,246.74,0
2020-03-23T11:38:00-05:00,56.09,16.84,737.84,161.97,0.09,130.45,0
2020-03-23T11:39:00-05:00,57.93,16.83,738.41,165.05,0.72,251.8,0
2020-03-23T11:40:00-05:00,57.92,16.81,737.91,169.76,1.07,212.21,0
2020-03-23T11:41:00-05:00,57.89,16.77,738.24,176.52,0.06,123.5,0
2020-03-23T11:42:00-05:00,57.12,16.77,738.44,181.52,0.23,7.87,0
2020-03-23T11:43:00-05:00,60.01,16.82,737.84,187.11,0.58,239.85,0
2020-03-23T11:44:00-05:00,59.12,16.83,737.81,194.02,0.97,280.01,0
2020-03-23T11:45:00-05:00,57.43,16.82,738.08,201.81,0.86,276.71,0
2020-03-23T11:46:00-05:00,58.62,16.82,737.84,209.01,0.58,277.69,0
2020-03-23T11:47:00-05:00,58.15,16.86,737.94,213.28,0.52,229.8,0
2020-03-23T11:48:00-05:00,58.48,16.9,738.54,218.57,0.26,178.05,0
2020-03-23T11:49:00-05:00,59.52,16.9,737.77,225.48,0.65,199,0
2020-03-23T11:50:00-05:00,58.96,16.9,737.47,229.6,0.56,217.9,0
2020-03-23T11:51:00-05:00,60.49,16.91,738.28,230.63,0.28,178.06,0
2020-03-23T11:52:00-05:00,62.41,16.97,738.68,228.71,0.54,250.81,0
2020-03-23T11:53:00-05:00,60.68,17.02,738.88,223.57,0.24,189.03,0
2020-03-23T11:54:00-05:00,58.35,17.04,738.24,215.19,0.86,242.84,0
2020-03-23T11:55:00-05:00,58.52,17.07,738.91,199.16,0.57,135.79,0
2020-03-23T11:56:00-05:00,58.7,17.11,738.31,182.84,0.65,228.81,0
2020-03-23T11:57:00-05:00,57.28,17.06,737.74,165.79,0.59,300.01,0
2020-03-23T11:58:00-05:00,58.75,17.07,738.24,150.35,0.37,209.92,0
2020-03-23T11:59:00-05:00,60.69,17.03,737.31,142.41,0.44,188.41,0
2020-03-23T12:00:00-05:00,59.84,16.97,736.47,135.21,1.39,221.94,0
2020-03-23T12:01:00-05:00,58.63,16.88,736.1,131.68,0.73,287,0
2020-03-23T12:02:00-05:00,57.61,16.83,736.03,127.12,0.65,252.09,0
2020-03-23T12:03:00-05:00,59.21,16.76,735.4,123.89,0.58,159.53,0
2020-03-23T12:04:00-05:00,60.09,16.74,735.7,119.33,0.26,279.65,0
2020-03-23T12:05:00-05:00,59.83,16.72,735.06,115.36,0.56,269.72,0
2020-03-23T12:06:00-05:00,62.63,16.74,735.63,111.39,0.32,224.85,0
2020-03-23T12:07:00-05:00,62.03,16.7,734.63,109.92,0.66,188.04,0
2020-03-23T12:08:00-05:00,63.77,16.64,734.66,108.45,0.52,270.7,0
2020-03-23T12:09:00-05:00,62.81,16.6,734.33,110.36,0.39,291.71,0
2020-03-23T12:10:00-05:00,63.21,16.62,735,114.04,0.32,267.74,0
2020-03-23T12:11:00-05:00,60.36,16.61,734.36,117.71,0.15,87.87,0
2020-03-23T12:12:00-05:00,60.87,16.6,734.13,122.56,0.42,277.7,0
2020-03-23T12:13:00-05:00,61.32,16.6,734.26,126.53,0.21,232.87,0
2020-03-23T12:14:00-05:00,60.95,16.59,734.36,129.77,0.69,191.35,0
2020-03-23T12:15:00-05:00,60.63,16.55,734.43,133.88,0.79,275.73,0
2020-03-23T12:16:00-05:00,60.29,16.54,734.06,140.35,0.59,264.04,0
2020-03-23T12:17:00-05:00,60.05,16.53,734.73,144.62,0.28,148.23,0
2020-03-23T12:18:00-05:00,62.26,16.52,733.96,149.32,0.6,189.34,0
2020-03-23T12:19:00-05:00,64.22,16.51,734.16,153.29,0.49,50.44,0
2020-03-23T12:20:00-05:00,64.02,16.51,734.26,161.08,0.18,16.58,0
2020-03-23T12:21:00-05:00,64.24,16.55,733.66,167.55,0.14,219.86,0
2020-03-23T12:22:00-05:00,61.86,16.52,735.03,176.37,0.27,31.76,0
2020-03-23T12:23:00-05:00,60.77,16.55,735.46,184.75,0.73,79.52,0
2020-03-23T12:24:00-05:00,61.82,16.53,735.33,190.93,0.79,341.6,0
2020-03-23T12:25:00-05:00,60.15,16.54,736.23,202.25,0.57,69.79,0
2020-03-23T12:26:00-05:00,60.35,16.57,736.94,213.13,0.47,52.56,0
2020-03-23T12:27:00-05:00,60.61,16.6,736.84,222.98,0.77,36.09,0
2020-03-23T12:28:00-05:00,59.4,16.58,736.5,238.86,0.55,0.85,0
2020-03-23T12:29:00-05:00,59.27,16.59,736.8,259.74,0.57,323.52,0
2020-03-23T12:30:00-05:00,59.34,16.61,737.44,281.35,0.43,37.07,0
2020-03-23T12:31:00-05:00,59.83,16.61,738.38,293.41,0.59,10.97,0
2020-03-23T12:32:00-05:00,60.14,16.59,738.21,300.9,1.06,21.92,0
2020-03-23T12:33:00-05:00,59.82,16.55,737.94,298.99,0.88,341.93,0
2020-03-23T12:34:00-05:00,60.39,16.55,738.11,293.99,0.56,36.8,0
2020-03-23T12:35:00-05:00,60.97,16.61,738.64,293.99,1.44,32.43,0
2020-03-23T12:36:00-05:00,60.6,16.64,738.58,296.64,0.72,41.87,0
2020-03-23T12:37:00-05:00,59.66,16.67,738.95,295.9,0.56,334.95,0
2020-03-23T12:38:00-05:00,59.54,16.69,739.11,294.14,0.67,4.72,0
2020-03-23T12:39:00-05:00,60.84,16.72,739.31,290.61,0.9,17.83,0
2020-03-23T12:40:00-05:00,60.26,16.69,739.45,292.38,0.67,345.5,0
2020-03-23T12:41:00-05:00,60.51,16.68,740.49,297.08,0.68,63.01,0
2020-03-23T12:42:00-05:00,60.99,16.64,739.35,308.84,1.17,25.09,0
2020-03-23T12:43:00-05:00,61.41,16.6,740.25,336.04,0.88,34.64,0
2020-03-23T12:44:00-05:00,60.41,16.61,739.62,365.01,1.02,26.62,0
2020-03-23T12:45:00-05:00,60.55,16.58,739.62,391.47,0.93,323.52,0
2020-03-23T12:46:00-05:00,59.2,16.61,739.75,411.46,0.11,149.24,0
2020-03-23T12:47:00-05:00,59.77,16.66,740.75,411.61,0.51,222.93,0
2020-03-23T12:48:00-05:00,61.46,16.76,737.44,417.05,0.46,169.05,0
2020-03-23T12:49:00-05:00,61.17,16.87,738.14,415.88,0.55,189.05,0
2020-03-23T12:50:00-05:00,60.89,16.96,737.64,413.23,0.57,212.85,0
2020-03-23T12:51:00-05:00,60.05,17.04,737.37,422.64,0.57,234.83,0
2020-03-23T12:52:00-05:00,60.83,17.13,738.61,441.6,0.55,256.06,0
2020-03-23T12:53:00-05:00,63.35,17.23,737.34,426.46,0.58,229.8,0
2020-03-23T12:54:00-05:00,61.11,17.3,737.2,399.7,0.49,205.37,0
2020-03-23T12:55:00-05:00,61.79,17.37,737.81,368.53,0.62,269.68,0
2020-03-23T12:56:00-05:00,60.27,17.43,737.84,325.46,0.42,175.46,0
2020-03-23T12:57:00-05:00,59.63,17.53,737.17,288.11,0.43,296.62,0
2020-03-23T12:58:00-05:00,58.23,17.57,736.87,255.91,0.67,242.2,0
2020-03-23T12:59:00-05:00,61.65,17.59,737.71,228.13,0.62,226.85,0
2020-03-23T13:00:00-05:00,61.94,17.57,737.51,208.87,0.57,202.06,0
2020-03-23T13:01:00-05:00,60.7,17.59,738.18,192.55,0.66,244.79,0
2020-03-23T13:02:00-05:00,60.37,17.59,737.81,183.58,0.56,217.91,0
2020-03-23T13:03:00-05:00,61.94,17.52,737.2,178.73,0.64,219.87,0
2020-03-23T13:04:00-05:00,61.6,17.41,736.4,168.58,0.75,250.79,0
2020-03-23T13:05:00-05:00,59.77,17.33,735.06,161.38,0.69,328.54,0
2020-03-23T13:06:00-05:00,59.8,17.29,735.8,154.47,0.55,231.87,0
2020-03-23T13:07:00-05:00,60.06,17.21,734.29,144.76,1.22,189.02,0
2020-03-23T13:08:00-05:00,58.6,17.06,734.23,139.03,1.02,263.67,0
2020-03-23T13:09:00-05:00,60.27,16.93,733.86,131.53,0.88,267.08,0
2020-03-23T13:10:00-05:00,59.55,16.88,737.91,129.33,0.57,277.98,0
2020-03-23T13:11:00-05:00,60.83,16.82,737.67,128,0.65,251.14,0
2020-03-23T13:12:00-05:00,60.69,16.76,737,126.83,1.56,218.87,0
2020-03-23T13:13:00-05:00,61.74,16.66,737.27,124.47,1.33,239.16,0
2020-03-23T13:14:00-05:00,62.58,16.58,738.28,127.42,0.97,239.85,0
2020-03-23T13:15:00-05:00,62.56,16.46,737.27,126.97,0.93,286.01,0
2020-03-23T13:16:00-05:00,62.98,16.4,737.41,127.56,0.98,195.93,0
2020-03-23T13:17:00-05:00,63.41,16.34,737.27,130.36,0.69,207.33,0
2020-03-23T13:18:00-05:00,63.6,16.29,738.04,137.27,0.33,281.73,0
2020-03-23T13:19:00-05:00,64.49,16.27,737.97,144.32,0.65,201.94,0
2020-03-23T13:20:00-05:00,63.87,16.25,737.07,152.56,0.3,275.74,0
2020-03-23T13:21:00-05:00,63.93,16.26,737.04,158.44,0.27,121.65,0
2020-03-23T13:22:00-05:00,65.91,16.26,737.2,165.05,0.25,89.52,0
2020-03-23T13:23:00-05:00,64.18,16.32,737.77,172.26,0.77,26.12,0
2020-03-23T13:24:00-05:00,63.17,16.34,737.24,177.11,1.56,30.48,0
2020-03-23T13:25:00-05:00,62.5,16.38,737.34,182.4,0.79,305.59,0
2020-03-23T13:26:00-05:00,63.13,16.4,737.91,185.49,0.79,277.69,0
2020-03-23T13:27:00-05:00,62.91,16.38,738.28,192.55,0.96,2.7,0
2020-03-23T13:28:00-05:00,63.87,16.34,737.97,202.4,1.9,16.36,0
2020-03-23T13:29:00-05:00,64.05,16.32,737.87,213.72,0.46,253.75,0
2020-03-23T13:30:00-05:00,64.44,16.33,738.24,229.6,1.06,15.87,0
2020-03-23T13:31:00-05:00,63.91,16.34,738.38,239.59,1.33,334.58,0
2020-03-23T13:32:00-05:00,63.37,16.32,737.77,256.21,1.54,55.45,0
2020-03-23T13:33:00-05:00,63.07,16.32,738.74,272.09,0.57,42.23,0
2020-03-23T13:34:00-05:00,62.93,16.3,739.41,287.82,0.14,114.91,0
2020-03-23T13:35:00-05:00,63.87,16.3,738.95,309.14,0.61,249.81,0
2020-03-23T13:36:00-05:00,62.53,16.35,739.15,331.63,0.25,240.22,0
2020-03-23T13:37:00-05:00,63.22,16.4,739.72,366.03,0.43,139.54,0
2020-03-23T13:38:00-05:00,65.14,16.51,737.87,434.99,0.59,224.89,0
2020-03-23T13:39:00-05:00,64.09,16.62,737.87,930.46,0.75,244.79,0
2020-03-23T13:40:00-05:00,63.89,16.81,736.67,670.37,0.95,16.3,0
2020-03-23T13:41:00-05:00,61.92,16.94,737.04,559.52,0.9,329.52,0
2020-03-23T13:42:00-05:00,60.7,17.04,736.97,357.65,0.44,277.68,0
2020-03-23T13:43:00-05:00,62.22,17.17,736.64,330.9,0.6,1.05,0
2020-03-23T13:44:00-05:00,59.95,17.22,737.31,313.84,1.36,329.87,0
2020-03-23T13:45:00-05:00,61.48,17.26,736.74,296.49,0.56,27.21,0
2020-03-23T13:46:00-05:00,59.56,17.29,736.64,282.38,0.64,31.93,0
2020-03-23T13:47:00-05:00,58.71,17.29,736.94,269.88,0.57,17.38,0
2020-03-23T13:48:00-05:00,59.46,17.29,737.51,262.38,0.64,354.48,0
2020-03-23T13:49:00-05:00,59.85,17.31,736.77,260.47,0.68,283.1,0
2020-03-23T13:50:00-05:00,62.16,17.33,737,265.18,1.1,292.67,0
2020-03-23T13:51:00-05:00,59.52,17.35,737.17,266.06,0.58,227.23,0
2020-03-23T13:52:00-05:00,60.37,17.35,736.8,267.68,0.57,208.95,0
2020-03-23T13:53:00-05:00,59.82,17.39,736.43,262.82,0.29,260.14,0
2020-03-23T13:54:00-05:00,60.15,17.43,737.47,244.89,0.62,216.9,0
2020-03-23T13:55:00-05:00,59.14,17.43,737,223.42,0.56,272.95,0
2020-03-23T13:56:00-05:00,60.78,17.46,736.43,210.19,0.8,276.7,0
2020-03-23T13:57:00-05:00,60.45,17.41,736.13,206.66,0.61,250.76,0
2020-03-23T13:58:00-05:00,62.23,17.4,736.97,207.69,0.37,238.85,0
2020-03-23T13:59:00-05:00,61.17,17.38,737.27,212.25,0.84,232.87,0
2020-03-23T14:00:00-05:00,59.52,17.34,736.57,212.4,0.59,239.85,0
2020-03-23T14:01:00-05:00,60.71,17.32,737,211.51,0.7,208.93,0
2020-03-23T14:02:00-05:00,57.68,17.24,736.1,214.89,2.37,225.88,0
2020-03-23T14:03:00-05:00,58.69,17.15,735.63,216.22,0.64,218.89,0
2020-03-23T14:04:00-05:00,57.3,17.07,735.36,222.25,0.61,201.98,0
2020-03-23T14:05:00-05:00,59.41,17.02,735.63,224.89,0.52,191.95,0
2020-03-23T14:06:00-05:00,60.24,17,735.03,217.25,0.77,215.27,0
2020-03-23T14:07:00-05:00,59.03,16.98,736.17,209.9,0.25,224.87,0
2020-03-23T14:08:00-05:00,59.98,17.02,735.4,196.66,0.61,259.11,0
2020-03-23T14:09:00-05:00,59.4,17.04,735.13,186.22,0.47,75.68,0
2020-03-23T14:10:00-05:00,56.72,17.08,735.03,172.85,0.62,79.31,0
2020-03-23T14:11:00-05:00,57.01,17.08,735.1,164.17,0.75,337.49,0
2020-03-23T14:12:00-05:00,57.74,17.07,735.46,161.08,0.55,242.17,0
2020-03-23T14:13:00-05:00,60.49,17.08,736.03,171.82,0.56,145.27,0
2020-03-23T14:14:00-05:00,60.23,17.08,734.46,186.37,0.73,159.42,0
2020-03-23T14:15:00-05:00,60.77,17.05,734.56,206.22,0.57,157.21,0
2020-03-23T14:16:00-05:00,61.71,17.01,734.26,244.45,0.52,149.23,0
2020-03-23T14:17:00-05:00,64.39,17.03,735.3,324.13,0.26,262.71,0
2020-03-23T14:18:00-05:00,64.49,17.11,736.17,529.23,0.56,297.59,0
2020-03-23T14:19:00-05:00,62.3,17.21,737.17,1003.23,0.57,13.87,0
2020-03-23T14:20:00-05:00,58.92,17.4,737.51,1107.18,0.89,274.72,0
2020-03-23T14:21:00-05:00,58.54,17.65,737.71,1110.12,0.62,31.96,0
2020-03-23T14:22:00-05:00,55.68,17.79,737.64,677.28,0.33,87.04,0
2020-03-23T14:23:00-05:00,57.97,17.94,736.9,817.84,0.62,300.68,0
2020-03-23T14:24:00-05:00,60.37,18.23,737.51,668.61,1.04,48.29,0
2020-03-23T14:25:00-05:00,54.77,18.39,736.54,620.53,0.59,343.91,0
2020-03-23T14:26:00-05:00,54.15,18.54,737.1,830.48,0.97,1.03,0
2020-03-23T14:27:00-05:00,54.38,18.63,737.24,535.85,1.15,186.35,0
2020-03-23T14:28:00-05:00,53.57,18.79,736.74,423.37,0.72,299.65,0
2020-03-23T14:29:00-05:00,52.78,18.8,736.03,391.18,1.5,65.8,0
2020-03-23T14:30:00-05:00,51.98,18.66,736,398.67,0.65,31.56,0
2020-03-23T14:31:00-05:00,53.1,18.62,737.31,417.2,1.14,95.47,0
2020-03-23T14:32:00-05:00,52.73,18.62,735.67,429.25,1.07,188.07,0
2020-03-23T14:33:00-05:00,55.79,18.62,735.16,620.97,0.74,293.69,0
2020-03-23T14:34:00-05:00,52.89,18.68,737.97,821.37,1.11,46.29,0
2020-03-23T14:35:00-05:00,52.58,18.76,736.27,871.35,0.61,10.64,0
2020-03-23T14:36:00-05:00,54.61,18.89,736.9,874,1.04,242.8,0
2020-03-23T14:37:00-05:00,56.58,19.14,736.74,473.07,0.61,258.79,0
2020-03-23T14:38:00-05:00,53.1,19.26,736.13,808.43,0.82,237.77,0
2020-03-23T14:39:00-05:00,56.26,19.42,736.8,957.66,0.71,211.9,0
2020-03-23T14:40:00-05:00,52.13,19.6,736.84,912.23,0.78,28.7,0
2020-03-23T14:41:00-05:00,51.27,19.68,736.54,887.97,3.11,10,0
2020-03-23T14:42:00-05:00,50.66,19.47,735.7,578.78,2.26,2.07,0
2020-03-23T14:43:00-05:00,51.34,19.23,736.37,360.15,0.79,28.06,0
2020-03-23T14:44:00-05:00,53.86,19.17,735.93,374.42,1.23,348.78,0
2020-03-23T14:45:00-05:00,52.75,19.07,736.33,858.86,1.65,353.47,0
2020-03-23T14:46:00-05:00,52.94,18.92,736.64,722.71,0.69,37.1,0
2020-03-23T14:47:00-05:00,54.33,18.84,737.91,686.84,1.03,260.75,0
2020-03-23T14:48:00-05:00,54.08,18.78,736.97,850.48,0.62,206.37,0
2020-03-23T14:49:00-05:00,54.19,18.86,736.2,309.43,1.44,261.73,0
2020-03-23T14:50:00-05:00,54.06,18.81,733.12,232.24,1.65,228.12,0
2020-03-23T14:51:00-05:00,53.86,18.71,735.23,180.34,0.83,240.83,0
2020-03-23T14:52:00-05:00,55.75,18.65,735.2,151.23,0.31,180.12,0
2020-03-23T14:53:00-05:00,56.08,18.6,736,134.03,1.63,53.13,0
2020-03-23T14:54:00-05:00,55.01,18.43,735.8,126.39,2.03,171.13,0
2020-03-23T14:55:00-05:00,56.16,18.27,735.16,122.42,1.47,223.94,0
2020-03-23T14:56:00-05:00,59.16,18.15,732.82,114.18,0.67,226.87,0
2020-03-23T14:57:00-05:00,58.18,18.03,731.75,107.57,0.59,267.74,0
2020-03-23T14:58:00-05:00,59.4,17.98,735.53,101.39,0.56,285.65,0
2020-03-23T14:59:00-05:00,56.43,17.86,735.6,101.1,0.66,279.01,0
2020-03-23T15:00:00-05:00,57.06,17.78,735.53,107.13,0.46,232.17,0
2020-03-23T15:01:00-05:00,58.49,17.71,736.4,114.48,0.98,156.54,0
2020-03-23T15:02:00-05:00,56.71,17.57,736.27,124.92,0.17,305.57,0
2020-03-23T15:03:00-05:00,57.93,17.49,736.43,128.3,1.13,73.55,0
2020-03-23T15:04:00-05:00,59.52,17.45,735.77,133.59,0.25,217.88,0
2020-03-23T15:05:00-05:00,57.73,17.41,736.43,135.94,0.92,223.29,0
2020-03-23T15:06:00-05:00,58.1,17.36,736.37,138.59,0.57,117.13,0
2020-03-23T15:07:00-05:00,59.34,17.32,735.83,143,0.41,168.41,0
2020-03-23T15:08:00-05:00,60.31,17.3,735.77,144.91,0.25,102.99,0
2020-03-23T15:09:00-05:00,59.99,17.29,736.2,155.94,0.61,100.27,0
2020-03-23T15:10:00-05:00,58.88,17.25,735.97,168.58,0.92,8.99,0
2020-03-23T15:11:00-05:00,59.98,17.21,736.37,186.67,0.95,207.96,0
2020-03-23T15:12:00-05:00,59.4,17.18,735.6,293.99,0.13,105.18,0
2020-03-23T15:13:00-05:00,58.83,17.21,736.67,252.97,0.59,300.67,0
2020-03-23T15:14:00-05:00,61.17,17.23,737.27,275.62,0.57,112.2,0
2020-03-23T15:15:00-05:00,58.89,17.18,737.1,312.08,1.42,62.06,0
2020-03-23T15:16:00-05:00,59.6,17.14,737.17,397.35,0.67,39.83,0
2020-03-23T15:17:00-05:00,60.39,17.17,737.74,270.03,1.91,57.87,0
2020-03-23T15:18:00-05:00,60.5,17.17,737.34,229.6,0.55,38.86,0
2020-03-23T15:19:00-05:00,59.29,17.21,737.77,193.28,1.6,39.82,0
2020-03-23T15:20:00-05:00,59.63,17.21,737.37,166.52,0.75,106.36,0
2020-03-23T15:21:00-05:00,61.84,17.25,736.5,143.59,0.54,201.92,0
2020-03-23T15:22:00-05:00,62.64,17.31,736.4,127.12,0.64,96.39,0
2020-03-23T15:23:00-05:00,56.76,17.29,736,112.13,0.85,63.22,0
2020-03-23T15:24:00-05:00,57.12,17.25,734.76,101.83,1.14,51.73,0
2020-03-23T15:25:00-05:00,56.36,17.21,734.79,92.57,2.04,87.44,0
2020-03-23T15:26:00-05:00,55.22,17.14,733.89,85.51,0.59,56.4,0
2020-03-23T15:27:00-05:00,56.28,17.13,733.42,77.43,0.56,88.73,0
2020-03-23T15:28:00-05:00,57.02,17.11,733.12,71.4,0.82,76.93,0
2020-03-23T15:29:00-05:00,59.16,17.13,732.99,68.46,0.82,55.93,0
2020-03-23T15:30:00-05:00,59.87,17.08,731.85,65.37,0.81,65.3,0
2020-03-23T15:31:00-05:00,60.61,17,736.77,58.17,0.45,45.57,0
2020-03-23T15:32:00-05:00,60.97,16.93,736.54,51.26,0.99,92.17,0
2020-03-23T15:33:00-05:00,61.36,16.88,735.9,45.38,0.87,72.39,0
2020-03-23T15:34:00-05:00,61.42,16.81,736.2,38.76,0.21,89.32,0
2020-03-23T15:35:00-05:00,60.82,16.76,736.77,36.11,1.28,351.53,0
2020-03-23T15:36:00-05:00,60.78,16.72,736.13,29.94,0.55,334.59,0
2020-03-23T15:37:00-05:00,61.1,16.64,735.8,26.56,0.55,38.78,0
2020-03-23T15:38:00-05:00,62.71,16.62,735.87,24.06,1.02,256.81,0
2020-03-23T15:39:00-05:00,63.36,16.57,735,20.97,0.72,231.25,0
2020-03-23T15:40:00-05:00,63.77,16.49,734.36,18.62,1.09,207.94,0
2020-03-23T15:41:00-05:00,65.2,16.4,734.02,17.59,0.27,214.29,0
2020-03-23T15:42:00-05:00,66.29,16.36,734.19,14.8,0.57,242.82,0
2020-03-23T15:43:00-05:00,64.96,16.32,733.49,13.03,0.38,150.57,0
2020-03-23T15:44:00-05:00,64.9,16.28,732.48,12.88,0.37,16.7,0
2020-03-23T15:45:00-05:00,65.53,16.28,732.65,12.74,0.57,145.52,0
2020-03-23T15:46:00-05:00,65.76,16.24,732.75,14.94,0.57,219.85,0
2020-03-23T15:47:00-05:00,66.47,16.19,732.52,16.27,0.59,197.99,0
2020-03-23T15:48:00-05:00,66.03,16.11,736.3,19.79,0.53,113.86,0
2020-03-23T15:49:00-05:00,66.23,16.07,736.3,24.94,0.57,311.61,0
2020-03-23T15:50:00-05:00,66.03,16.04,736.57,28.47,1.1,49.13,0
2020-03-23T15:51:00-05:00,67,16,736.74,36.85,0.75,98.34,0
2020-03-23T15:52:00-05:00,67.56,15.94,736.57,43.91,1.03,241.84,0
2020-03-23T15:53:00-05:00,65.12,15.88,735.83,52.29,0.95,177.08,0
2020-03-23T15:54:00-05:00,65.49,15.87,737.2,55.96,1.81,92.64,0
2020-03-23T15:55:00-05:00,66.1,15.84,736.33,56.55,0.77,297.58,0
2020-03-23T15:56:00-05:00,64.94,15.81,735.46,54.49,0.51,144.28,0
2020-03-23T15:57:00-05:00,65.42,15.78,736,55.37,1.97,191.02,0
2020-03-23T15:58:00-05:00,67.3,15.74,737,59.2,0.66,126.74,0
2020-03-23T15:59:00-05:00,67.56,15.73,736.3,60.08,0.79,62.06,0
2020-03-23T16:00:00-05:00,67.65,15.74,736.1,66.84,0.66,148.59,0
2020-03-23T16:01:00-05:00,66.62,15.69,736.27,71.99,2.8,47.36,0
2020-03-23T16:02:00-05:00,65.9,15.63,737.04,75.37,2.34,57.39,0
2020-03-23T16:03:00-05:00,64.43,15.6,736.33,77.72,0.78,108.18,0
2020-03-23T16:04:00-05:00,64.94,15.61,736.94,78.02,2.56,45.76,0
2020-03-23T16:05:00-05:00,64.47,15.6,736.27,76.55,0.24,176.07,0
2020-03-23T16:06:00-05:00,65.91,15.59,736.94,75.96,0.2,261.72,0
2020-03-23T16:07:00-05:00,65.86,15.58,736.1,80.37,0.25,19.76,0
2020-03-23T16:08:00-05:00,65.91,15.57,736.77,86.4,1.8,104.77,0
2020-03-23T16:09:00-05:00,65.81,15.58,737.74,93.16,0.38,345.51,0
2020-03-23T16:10:00-05:00,66.39,15.59,736.5,100.07,0.57,55.99,0
2020-03-23T16:11:00-05:00,66.17,15.6,736.2,109.77,0.82,101.52,0
2020-03-23T16:12:00-05:00,65.1,15.57,736.84,117.86,1.53,46.4,0
2020-03-23T16:13:00-05:00,64.95,15.52,736.57,129.47,2.52,64.4,0
2020-03-23T16:14:00-05:00,65.18,15.49,736.5,196.37,1.97,70.23,0
2020-03-23T16:15:00-05:00,65.1,15.48,738.31,360.15,0.69,56.68,0
2020-03-23T16:16:00-05:00,65,15.51,736.47,250.03,2.84,48.42,0
2020-03-23T16:17:00-05:00,64.67,15.49,736.43,178.43,2.4,70.55,0
2020-03-23T16:18:00-05:00,64.4,15.47,736.8,180.34,1.64,355.49,0
2020-03-23T16:19:00-05:00,65.44,15.47,737.24,196.22,2.12,75.25,0
2020-03-23T16:20:00-05:00,65,15.54,736.7,350.45,0.6,59.99,0
2020-03-23T16:21:00-05:00,64.28,15.65,736.13,413.23,2.75,48.26,0
2020-03-23T16:22:00-05:00,63.23,15.69,736.74,441.46,1.19,101.09,0
2020-03-23T16:23:00-05:00,62.92,15.76,737.47,419.99,3.64,53.99,0
2020-03-23T16:24:00-05:00,62.63,15.78,736.87,400,3.1,63.98,0
2020-03-23T16:25:00-05:00,62.3,15.9,735.87,375.74,3.01,344.51,0
2020-03-23T16:26:00-05:00,60.9,15.92,735.93,333.54,1.44,9.49,0
2020-03-23T16:27:00-05:00,61.39,15.92,736,327.07,2.21,17.89,0
2020-03-23T16:28:00-05:00,61.52,15.96,736,311.34,3.07,45.47,0
2020-03-23T16:29:00-05:00,61.55,16,736,233.86,0.71,34.19,0
2020-03-23T16:30:00-05:00,62.31,16.05,735.93,226.8,1.47,0.81,0
2020-03-23T16:31:00-05:00,62.27,16.08,736.43,227.83,1.21,25.96,0
2020-03-23T16:32:00-05:00,61.58,16.13,736.6,246.65,0.19,182.03,0
2020-03-23T16:33:00-05:00,62.16,16.19,735.56,240.77,0.33,59.16,0
2020-03-23T16:34:00-05:00,61.45,16.21,735.6,232.68,0.7,113.53,0
2020-03-23T16:35:00-05:00,62.97,16.25,735.53,236.07,0.68,119.17,0
2020-03-23T16:36:00-05:00,61.8,16.25,735.97,238.42,2.13,61,0
2020-03-23T16:37:00-05:00,61.97,16.26,735.87,229.3,1.75,47.2,0
2020-03-23T16:38:00-05:00,61.68,16.25,735.33,214.31,1.99,54.44,0
2020-03-23T16:39:00-05:00,61.19,16.17,734.59,201.52,0.71,149.19,0
2020-03-23T16:40:00-05:00,62.14,16.17,734.66,199.02,1.32,107.88,0
2020-03-23T16:41:00-05:00,62.33,16.18,734.69,203.87,0.97,53.61,0
2020-03-23T16:42:00-05:00,62.38,16.18,734.49,196.52,3.28,76.64,0
2020-03-23T16:43:00-05:00,61.44,16.15,733.92,188.43,1.42,92.74,0
2020-03-23T16:44:00-05:00,61.74,16.16,733.46,177.84,3.31,32.71,0
2020-03-23T16:45:00-05:00,62.04,16.14,733.02,175.79,2.4,67.68,0
2020-03-23T16:46:00-05:00,62.29,16.14,732.62,173.14,1.15,52.42,0
2020-03-23T16:47:00-05:00,62.41,16.16,732.48,178.58,0.68,20.5,0
2020-03-23T16:48:00-05:00,61.98,16.17,733.19,186.81,0.59,11.13,0
2020-03-23T16:49:00-05:00,62.67,16.18,732.59,187.69,2.29,57.65,0
2020-03-23T16:50:00-05:00,62.87,16.24,732.82,175.35,2.16,66.07,0
2020-03-23T16:51:00-05:00,62.01,16.2,732.02,166.23,1.89,35.34,0
2020-03-23T16:52:00-05:00,62.28,16.13,731.45,154.47,3.08,28.3,0
2020-03-23T16:53:00-05:00,62.83,16.09,736.1,148.29,0.74,31.3,0
2020-03-23T16:54:00-05:00,62.8,16.1,736.7,139.77,0.6,115.58,0
2020-03-23T16:55:00-05:00,64.02,16.09,736.23,134.47,0.45,199.29,0
2020-03-23T16:56:00-05:00,64.84,16.12,735.97,130.8,0.58,281.73,0
2020-03-23T16:57:00-05:00,63.42,16.14,735.87,135.5,0.92,280.96,0
2020-03-23T16:58:00-05:00,62.95,16.17,736.74,139.91,0.15,16.82,0
2020-03-23T16:59:00-05:00,63.26,16.21,736.84,147.41,0.89,49.75,0
2020-03-23T17:00:00-05:00,61.72,16.2,736.17,161.23,0.57,349.43,0
2020-03-23T17:01:00-05:00,62.22,16.18,737.31,187.4,2.85,37.36,0
2020-03-23T17:02:00-05:00,61.94,16.19,736.6,195.63,1.97,73.6,0
2020-03-23T17:03:00-05:00,62.26,16.16,737.04,167.99,1.19,40.21,0
2020-03-23T17:04:00-05:00,62.97,16.18,736.97,159.76,2.52,68.07,0
2020-03-23T17:05:00-05:00,61.86,16.13,735.8,156.38,1.74,1.75,0
2020-03-23T17:06:00-05:00,62.31,16.06,736.87,146.68,1.47,43.56,0
2020-03-23T17:07:00-05:00,62.83,16.04,735.5,132.27,0.5,155.23,0
2020-03-23T17:08:00-05:00,63.68,16.06,735.56,119.18,2.94,20.95,0
2020-03-23T17:09:00-05:00,62.81,15.97,735.16,107.57,0.62,48.68,0
2020-03-23T17:10:00-05:00,63.48,15.93,734.29,98.3,1.38,19.52,0
2020-03-23T17:11:00-05:00,63.72,15.86,733.19,91.69,0.73,355.45,0
2020-03-23T17:12:00-05:00,64.04,15.85,733.12,84.04,2,59.57,0
2020-03-23T17:13:00-05:00,63.83,15.74,732.59,78.46,3.3,52.39,0
2020-03-23T17:14:00-05:00,65.09,15.68,736.3,72.13,0.8,194.31,0
2020-03-23T17:15:00-05:00,65.35,15.61,736.27,62.28,2.33,131.5,0
2020-03-23T17:16:00-05:00,65.2,15.54,736.5,57.43,2.48,149.55,0
2020-03-23T17:17:00-05:00,65.97,15.52,736.74,55.37,1.32,65.78,0
2020-03-23T17:18:00-05:00,65.76,15.47,736.67,50.96,2.92,5.89,0
2020-03-23T17:19:00-05:00,66.16,15.42,736.03,46.85,1.64,54.89,0
2020-03-23T17:20:00-05:00,66.41,15.4,736.74,46.11,5.01,58.16,0
2020-03-23T17:21:00-05:00,66.45,15.35,736.54,43.91,2.07,47.53,0
2020-03-23T17:22:00-05:00,66.84,15.29,736.23,42.14,2.23,98.46,0
2020-03-23T17:23:00-05:00,66.89,15.25,736,41.85,0.88,190.01,0
2020-03-23T17:24:00-05:00,67.1,15.22,736.77,40.82,0.95,48.08,0
2020-03-23T17:25:00-05:00,67.35,15.18,737,41.85,1.23,100.96,0
2020-03-23T17:26:00-05:00,67.68,15.15,736.6,39.94,1.11,61.72,0
2020-03-23T17:27:00-05:00,67.75,15.13,736.8,38.17,2.23,74.75,0
2020-03-23T17:28:00-05:00,68.47,15.1,736.03,39.2,1.52,74.16,0
2020-03-23T17:29:00-05:00,68.9,15.09,736.2,38.61,2.5,53.28,0
2020-03-23T17:30:00-05:00,68.45,15.06,737.04,39.94,1.9,58.68,0
2020-03-23T17:31:00-05:00,68.82,15.03,737,39.64,1.01,41.29,0
2020-03-23T17:32:00-05:00,68.79,14.99,736.2,37.73,1.57,49.04,0
2020-03-23T17:33:00-05:00,69.39,14.95,735.87,36.55,2.27,22.61,0
2020-03-23T17:34:00-05:00,69.09,14.93,735.83,32.44,2.14,54.2,0
2020-03-23T17:35:00-05:00,69.33,14.91,736.64,31.7,0.54,348.79,0
2020-03-23T17:36:00-05:00,69.72,14.89,735.23,29.2,1.91,66.37,0
2020-03-23T17:37:00-05:00,69.45,14.89,735.4,27.44,1.26,64.6,0
2020-03-23T17:38:00-05:00,69.4,14.85,735.5,24.2,3,71.13,0
2020-03-23T17:39:00-05:00,69.86,14.82,734.23,25.53,1.3,100.4,0
2020-03-23T17:40:00-05:00,69.79,14.8,735,23.76,3.16,53.33,0
2020-03-23T17:41:00-05:00,70.02,14.77,734.43,21.71,1.96,349.44,0
2020-03-23T17:42:00-05:00,70.17,14.73,734.23,22.88,3.29,36.43,0
2020-03-23T17:43:00-05:00,70.16,14.7,734.36,20.53,3.22,18.96,0
2020-03-23T17:44:00-05:00,70.46,14.67,734.39,18.47,2.75,63.51,0
2020-03-23T17:45:00-05:00,70.77,14.64,733.72,17,0.66,89.12,0
2020-03-23T17:46:00-05:00,70.62,14.63,734.02,15.38,1.24,107.21,0
2020-03-23T17:47:00-05:00,70.73,14.61,734.13,12.3,1.49,7.57,0
2020-03-23T17:48:00-05:00,70.92,14.57,733.89,12.59,2.92,72.24,0
2020-03-23T17:49:00-05:00,70.99,14.55,733.39,12.59,3.17,58.62,0
2020-03-23T17:50:00-05:00,70.56,14.52,733.39,12.3,2.28,121.45,0
2020-03-23T17:51:00-05:00,70.34,14.49,732.59,11.86,2.38,68.42,0
2020-03-23T17:52:00-05:00,70.53,14.47,731.78,10.97,3.04,110.84,0
2020-03-23T17:53:00-05:00,70.84,14.47,736.64,12.3,2.88,32.52,0
2020-03-23T17:54:00-05:00,70.39,14.41,737.04,11.56,2.87,72.04,0
2020-03-23T17:55:00-05:00,70.33,14.41,737.1,9.94,2.94,53.45,0
2020-03-23T17:56:00-05:00,70.58,14.37,736.9,8.33,2.46,65.47,0
2020-03-23T17:57:00-05:00,70.93,14.34,736.94,6.71,2.21,61.63,0
2020-03-23T17:58:00-05:00,71.13,14.32,737.2,7.59,2.06,88.07,0
2020-03-23T17:59:00-05:00,70.85,14.31,736.84,5.39,3.35,37.07,0
2020-03-23T18:00:00-05:00,70.87,14.26,737.37,4.65,3.01,119.14,0
2020-03-23T18:01:00-05:00,70.71,14.22,737.64,0.83,1.23,107.43,0
2020-03-23T18:02:00-05:00,70.78,14.2,737.54,2.15,1.88,18.59,0
2020-03-23T18:03:00-05:00,70.97,14.18,736.7,1.86,4.02,51.11,0
2020-03-23T18:04:00-05:00,70.52,14.15,737,-0.2,2.76,49.93,0
2020-03-23T18:05:00-05:00,70.55,14.14,737.64,-0.05,1.27,21.92,0
2020-03-23T18:06:00-05:00,70.86,14.11,737.41,2,1.76,76.83,0
2020-03-23T18:07:00-05:00,71.25,14.1,737.64,0.68,2.2,86.57,0
2020-03-23T18:08:00-05:00,71.17,14.05,737.27,0.53,3.63,29.37,0
2020-03-23T18:09:00-05:00,70.93,14.02,737.47,-0.35,2.61,68.91,0
2020-03-23T18:10:00-05:00,71.13,14.02,736.84,-0.05,3.15,51.57,0
2020-03-23T18:11:00-05:00,71.01,13.97,737.61,-1.97,3.6,52.22,0
2020-03-23T18:12:00-05:00,70.86,13.96,737.27,-2.7,2.93,72.41,0
2020-03-23T18:13:00-05:00,70.88,13.94,737.44,-3.44,2.54,70.24,0
2020-03-23T18:14:00-05:00,70.72,13.92,736.54,-3.73,2.95,38.53,0
2020-03-23T18:15:00-05:00,70.82,13.9,736.4,-3.58,2.99,30.3,0
2020-03-23T18:16:00-05:00,70.73,13.87,737.04,-4.02,2.27,64.34,0
2020-03-23T18:17:00-05:00,71.21,13.83,736.27,-2.55,3.62,58.16,0
2020-03-23T18:18:00-05:00,71.23,13.83,736.67,-4.02,4.26,36.44,0
2020-03-23T18:19:00-05:00,70.96,13.8,736.77,-2.55,1.32,60.64,0
2020-03-23T18:20:00-05:00,70.44,13.8,736.03,-1.82,2.12,43.61,0
2020-03-23T18:21:00-05:00,71.09,13.78,735.93,-4.02,0.82,65.17,0
2020-03-23T18:22:00-05:00,71.65,13.76,735.53,-3.73,0.73,61.19,0
2020-03-23T18:23:00-05:00,70.39,13.73,735.5,-4.91,2.09,55.71,0
2020-03-23T18:24:00-05:00,70.98,13.74,735.9,-4.17,0.54,68.39,0
2020-03-23T18:25:00-05:00,71.95,13.72,735.9,-4.91,1.97,44.33,0
2020-03-23T18:26:00-05:00,72.48,13.65,735.73,-3.29,1.33,71.01,0
2020-03-23T18:27:00-05:00,72.7,13.59,735.33,-5.79,1.9,77.18,0
2020-03-23T18:28:00-05:00,72.58,13.53,735.4,-5.2,2.66,56.94,0
2020-03-23T18:29:00-05:00,71.38,13.52,735.26,-3.88,2.74,51.65,0
2020-03-23T18:30:00-05:00,69.98,13.61,735.6,-4.32,2.67,100.7,0
2020-03-23T18:31:00-05:00,68.92,13.64,735.46,-1.82,2.97,71.5,0
2020-03-23T18:32:00-05:00,68.69,13.69,735.4,-1.38,2.44,63.75,0
2020-03-23T18:33:00-05:00,68.19,13.7,735.43,-3.88,2.36,53.42,0
2020-03-23T18:34:00-05:00,68.35,13.74,735.16,-1.23,0.62,270.12,0
2020-03-23T18:35:00-05:00,68.59,13.74,735.93,-3.58,2.68,57.91,0
2020-03-23T18:36:00-05:00,70.21,13.72,735.67,-2.99,1.49,54.37,0
2020-03-23T18:37:00-05:00,71.29,13.64,735.23,-3.29,0.76,75.21,0
2020-03-23T18:38:00-05:00,71.79,13.56,735.43,-3.44,1.06,84.41,0
2020-03-23T18:39:00-05:00,72.28,13.49,735.23,-3.29,2.55,68.39,0
2020-03-23T18:40:00-05:00,72.94,13.4,735.26,-1.97,1.32,52.06,0
2020-03-23T18:41:00-05:00,71.1,13.4,735.26,-1.23,2.25,97.6,0
2020-03-23T18:42:00-05:00,69.27,13.46,734.46,-3.14,2.14,43.2,0
2020-03-23T18:43:00-05:00,69.8,13.5,734.36,-3.58,0.68,63.19,0
2020-03-23T18:44:00-05:00,68.66,13.53,735.23,-2.85,1.89,70.06,0
2020-03-23T18:45:00-05:00,69.05,13.54,735.3,-3.44,1.13,70.12,0
2020-03-23T18:46:00-05:00,68.85,13.53,735.03,-2.99,2.8,63.43,0
2020-03-23T18:47:00-05:00,68.48,13.56,734.86,-2.26,2.27,46.69,0
2020-03-23T18:48:00-05:00,67.76,13.56,734.76,-2.99,0.96,53.75,0
2020-03-23T18:49:00-05:00,69.15,13.58,735.26,-1.67,0.94,87.01,0
2020-03-23T18:50:00-05:00,69.33,13.56,735.36,-0.94,1.63,77.68,0
2020-03-23T18:51:00-05:00,71.44,13.51,735.56,-3.14,0.26,108.15,0
2020-03-23T18:52:00-05:00,70.55,13.46,734.59,-3.14,0.21,192.97,0
2020-03-23T18:53:00-05:00,71.89,13.46,734.29,-4.32,0.33,165.47,0
2020-03-23T18:54:00-05:00,71.15,13.38,734.76,-1.97,0.68,120.5,0
2020-03-23T18:55:00-05:00,71.27,13.31,734.53,-2.7,1.37,70.18,0
2020-03-23T18:56:00-05:00,70.99,13.28,734.26,-4.46,1.9,65.33,0
2020-03-23T18:57:00-05:00,70.94,13.23,734.19,-2.7,1.59,62.93,0
2020-03-23T18:58:00-05:00,71.33,13.23,734.02,-4.17,0.21,172.12,0
2020-03-23T18:59:00-05:00,71.76,13.21,734.23,-4.32,0.6,162.21,0
2020-03-23T19:00:00-05:00,71.48,13.18,734.16,-2.55,0.14,131.27,0
2020-03-23T19:01:00-05:00,70.93,13.14,733.52,-5.05,0.6,66.25,0
2020-03-23T19:02:00-05:00,70.97,13.13,733.79,-4.91,0.63,125.99,0
2020-03-23T19:03:00-05:00,70.67,13.12,733.59,-2.41,0.75,93.59,0
2020-03-23T19:04:00-05:00,71.37,13.12,733.36,-2.85,0.95,68.63,0
2020-03-23T19:05:00-05:00,71.79,13.11,733.59,-4.32,0.8,19.34,0
2020-03-23T19:06:00-05:00,72.26,13.09,733.72,-1.97,0.58,34.41,0
2020-03-23T19:07:00-05:00,72.59,13.08,733.22,-2.11,0.6,77.78,0
2020-03-23T19:08:00-05:00,73.12,13.05,733.76,-2.85,0.86,74,0
2020-03-23T19:09:00-05:00,73.38,12.99,738.31,-3.44,0.72,49.36,0
2020-03-23T19:10:00-05:00,73.58,12.95,738.44,-3.44,0.97,58.36,0
2020-03-23T19:11:00-05:00,74.03,12.9,738.31,-1.23,0.3,121.24,0
2020-03-23T19:12:00-05:00,74.15,12.87,737.54,-2.55,1.78,54.47,0
2020-03-23T19:13:00-05:00,73.81,12.86,738.14,-1.08,1.1,72.18,0
2020-03-23T19:14:00-05:00,73.79,12.86,738.28,-1.08,0.62,55.39,0
2020-03-23T19:15:00-05:00,73.94,12.84,737.57,-1.23,0.99,80.72,0
2020-03-23T19:16:00-05:00,73.92,12.84,737.74,-1.38,1.3,72.43,0
2020-03-23T19:17:00-05:00,73.95,12.82,738.61,-3.29,2.18,73.15,0
2020-03-23T19:18:00-05:00,74.12,12.83,738.14,-2.11,0.85,78.05,0
2020-03-23T19:19:00-05:00,74.15,12.79,737.64,-1.52,2.05,72.83,0
2020-03-23T19:20:00-05:00,74.71,12.79,737.74,-2.41,0.86,45.62,0
2020-03-23T19:21:00-05:00,74.63,12.77,737.81,-2.41,0.56,24.91,0
2020-03-23T19:22:00-05:00,74.71,12.75,738.51,-2.99,1.05,21.89,0
2020-03-23T19:23:00-05:00,71.75,12.84,738.81,-0.94,0.61,31.8,0
2020-03-23T19:24:00-05:00,72.56,12.95,738.34,0.98,1.12,42.86,0
2020-03-23T19:25:00-05:00,72.88,12.97,738.71,0.39,1.12,88.78,0
2020-03-23T19:26:00-05:00,71.65,13.04,739.05,0.39,0.94,12.15,0
2020-03-23T19:27:00-05:00,71.74,13.08,738.24,0.53,2.56,44.73,0
2020-03-23T19:28:00-05:00,71.31,13.12,738.95,0.83,2.4,73.98,0
2020-03-23T19:29:00-05:00,71.67,13.15,739.25,-1.38,1.44,70.75,0
2020-03-23T19:30:00-05:00,71.03,13.16,738.81,-0.79,1.02,56.88,0
2020-03-23T19:31:00-05:00,71.41,13.21,739.11,-0.05,2.63,57.22,0
2020-03-23T19:32:00-05:00,70.85,13.23,739.72,-1.38,0.3,301.64,0
2020-03-23T19:33:00-05:00,70.64,13.26,739.68,0.39,0.7,177.4,0
2020-03-23T19:34:00-05:00,70.68,13.26,739.21,0.53,0.44,150.22,0
2020-03-23T19:35:00-05:00,71.51,13.26,739.05,-0.35,0.28,258.79,0
2020-03-23T19:36:00-05:00,71.37,13.28,739.88,-1.52,0.5,346.46,0
2020-03-23T19:37:00-05:00,71.75,13.28,739.95,-1.67,0.26,356.46,0
2020-03-23T19:38:00-05:00,71.35,13.24,739.88,-2.26,0.6,303.9,0
2020-03-23T19:39:00-05:00,71.31,13.24,739.05,-0.2,0.84,33.63,0
2020-03-23T19:40:00-05:00,71.05,13.24,739.21,-1.67,0.76,19.14,0
2020-03-23T19:41:00-05:00,71.35,13.26,739.41,-1.52,0.62,45.44,0
2020-03-23T19:42:00-05:00,72.18,13.28,740.02,-1.82,0.3,160.16,0
2020-03-23T19:43:00-05:00,72.33,13.25,738.91,-0.2,1.25,138.9,0
2020-03-23T19:44:00-05:00,72.24,13.25,739.95,-1.97,0.11,13.41,0
2020-03-23T19:45:00-05:00,72.29,13.26,739.28,-0.79,0.68,140.36,0
2020-03-23T19:46:00-05:00,72.58,13.24,740.08,0.68,0.45,169.42,0
2020-03-23T19:47:00-05:00,72.79,13.25,740.22,0.39,0.57,151.16,0
2020-03-23T19:48:00-05:00,73.18,13.24,739.48,-0.64,0.68,95.23,0
2020-03-23T19:49:00-05:00,72.94,13.24,739.85,-1.97,0.07,21.81,0
2020-03-23T19:50:00-05:00,72.96,13.26,740.28,-2.41,0.62,27.58,0
2020-03-23T19:51:00-05:00,74.29,13.28,739.75,-1.97,0.49,138.29,0
2020-03-23T19:52:00-05:00,73.66,13.27,740.02,-1.38,0.28,131.63,0
2020-03-23T19:53:00-05:00,73.42,13.25,739.68,-0.05,0.55,113.74,0
2020-03-23T19:54:00-05:00,74,13.25,739.78,-2.7,0.43,44.81,0
2020-03-23T19:55:00-05:00,73.5,13.23,739.21,-0.05,0.23,59.51,0
2020-03-23T19:56:00-05:00,73.56,13.24,739.68,0.39,0.54,48.65,0
2020-03-23T19:57:00-05:00,74.58,13.26,739.68,-0.79,0.54,107.14,0
2020-03-23T19:58:00-05:00,74.27,13.24,739.01,-0.05,0.56,52.17,0
2020-03-23T19:59:00-05:00,73.91,13.24,739.28,-0.35,0.46,39.58,0
2020-03-23T20:00:00-05:00,74.16,13.22,739.31,-1.38,0.5,91.79,0
2020-03-23T20:01:00-05:00,74.04,13.22,739.58,-0.2,0.27,114.15,0
2020-03-23T20:02:00-05:00,74.08,13.2,739.75,-2.7,0.37,126.33,0
2020-03-23T20:03:00-05:00,74.17,13.22,740.02,-1.97,0.81,58.57,0
2020-03-23T20:04:00-05:00,74.38,13.23,740.49,-1.38,0.53,37.4,0
2020-03-23T20:05:00-05:00,74.41,13.24,739.95,-0.2,0.27,40.1,0
2020-03-23T20:06:00-05:00,74.66,13.24,739.28,-2.26,0.49,47.9,0
2020-03-23T20:07:00-05:00,74.46,13.22,739.21,-0.05,0.6,69.86,0
2020-03-23T20:08:00-05:00,74.65,13.22,739.25,-1.08,0.45,86.66,0
2020-03-23T20:09:00-05:00,75.29,13.21,739.45,0.09,0.47,41.12,0
2020-03-23T20:10:00-05:00,76.31,13.21,740.02,-2.26,0.61,47.19,0
2020-03-23T20:11:00-05:00,76.12,13.2,739.85,-0.35,0.6,92.42,0
2020-03-23T20:12:00-05:00,75.58,13.21,739.62,-0.64,2.02,69.11,0
2020-03-23T20:13:00-05:00,73.95,13.2,739.38,0.98,2.17,83.21,0
2020-03-23T20:14:00-05:00,72.72,13.24,739.55,0.68,1.52,53.28,0
2020-03-23T20:15:00-05:00,72.77,13.25,739.68,-0.2,0.59,351.53,0
2020-03-23T20:16:00-05:00,72.91,13.26,739.48,-1.52,0.5,350.54,0
2020-03-23T20:17:00-05:00,74.12,13.26,740.52,0.68,0.22,194.93,0
2020-03-23T20:18:00-05:00,73.54,13.26,740.28,-1.52,0.22,200.96,0
2020-03-23T20:19:00-05:00,74.25,13.24,740.35,0.24,0.06,237.78,0
2020-03-23T20:20:00-05:00,74.62,13.25,739.51,-0.35,0.12,100.84,0
2020-03-23T20:21:00-05:00,75.26,13.25,739.98,-0.64,0.55,56.12,0
2020-03-23T20:22:00-05:00,73.7,13.22,738.85,-0.05,0.63,46.34,0
2020-03-23T20:23:00-05:00,73.55,13.22,739.55,-0.2,0.35,105.96,0
2020-03-23T20:24:00-05:00,74.42,13.22,739.82,-1.08,0.65,208.33,0
2020-03-23T20:25:00-05:00,74.23,13.18,740.35,0.83,0.27,24.89,0
2020-03-23T20:26:00-05:00,75.24,13.18,739.28,0.39,0.23,213.22,0
2020-03-23T20:27:00-05:00,75.27,13.18,740.28,-1.23,0.56,25.4,0
2020-03-23T20:28:00-05:00,75.8,13.16,740.28,-1.38,0.53,127.92,0
2020-03-23T20:29:00-05:00,75.48,13.16,740.52,-1.38,0.55,54.24,0
2020-03-23T20:30:00-05:00,75.72,13.18,740.35,0.39,0.59,43.79,0
2020-03-23T20:31:00-05:00,75.75,13.2,739.08,0.53,0.25,60.17,0
2020-03-23T20:32:00-05:00,76.12,13.2,739.95,0.83,0.13,59.29,0
2020-03-23T20:33:00-05:00,76.15,13.2,739.68,-1.38,0.89,170.09,0
2020-03-23T20:34:00-05:00,75.54,13.21,739.92,-0.35,0.33,206.98,0
2020-03-23T20:35:00-05:00,76.12,13.23,741.02,-1.08,0.6,207.97,0
2020-03-23T20:36:00-05:00,76.53,13.23,740.25,-1.82,0.57,129.29,0
2020-03-23T20:37:00-05:00,76.8,13.21,739.82,0.68,0.73,54.98,0
2020-03-23T20:38:00-05:00,76.35,13.22,740.35,-1.97,0.17,8.35,0
2020-03-23T20:39:00-05:00,76.69,13.23,740.28,0.98,0.19,88.91,0
2020-03-23T20:40:00-05:00,76.01,13.22,739.38,-0.2,0.57,0.76,0
2020-03-23T20:41:00-05:00,75.83,13.2,740.42,-2.11,0.54,155.53,0
2020-03-23T20:42:00-05:00,75.58,13.22,740.22,-3.29,0.21,116.16,0
2020-03-23T20:43:00-05:00,75.53,13.22,739.78,-1.52,0.16,130.74,0
2020-03-23T20:44:00-05:00,75.44,13.22,739.78,-1.52,0.23,45.45,0
2020-03-23T20:45:00-05:00,75.55,13.22,739.82,-1.23,0.57,63.79,0
2020-03-23T20:46:00-05:00,75.27,13.2,739.58,-1.67,0.56,47.65,0
2020-03-23T20:47:00-05:00,76.6,13.2,738.78,-3.58,0.31,344.84,0
2020-03-23T20:48:00-05:00,76.06,13.18,739.08,-2.99,0.62,51.82,0
2020-03-23T20:49:00-05:00,76.45,13.18,738.74,-2.85,0.6,64.67,0
2020-03-23T20:50:00-05:00,77.03,13.14,740.08,-2.11,0.44,42.17,0
2020-03-23T20:51:00-05:00,77.29,13.15,739.45,-0.05,0.21,86.35,0
2020-03-23T20:52:00-05:00,76.64,13.13,739.35,-2.41,0.19,127.23,0
2020-03-23T20:53:00-05:00,76.94,13.13,738.71,-2.7,0.2,158.17,0
2020-03-23T20:54:00-05:00,76.37,13.11,739.48,-0.79,0.57,159.17,0
2020-03-23T20:55:00-05:00,76.03,13.09,738.51,-1.97,0.24,156.2,0
2020-03-23T20:56:00-05:00,76.47,13.08,738.48,-2.7,0.18,104.68,0
2020-03-23T20:57:00-05:00,76.77,13.06,738.74,-2.85,0.5,101.31,0
2020-03-23T20:58:00-05:00,77.03,13.04,738.91,-0.49,0.51,84.4,0
2020-03-23T20:59:00-05:00,76.67,13.03,738.68,-2.55,0.45,59.04,0
2020-03-23T21:00:00-05:00,77.29,13.01,738.44,-1.67,0.21,46.84,0
2020-03-23T21:01:00-05:00,78.25,13.02,738.78,-3.29,0.19,80.29,0
2020-03-23T21:02:00-05:00,78.49,13.01,738.71,-1.52,0.14,138.8,0
2020-03-23T21:03:00-05:00,78.43,13,738.21,-1.67,0.09,161.09,0
2020-03-23T21:04:00-05:00,78.69,12.99,738.68,-0.79,0.21,120.09,0
2020-03-23T21:05:00-05:00,78.96,12.95,738.74,-0.94,0.52,63.2,0
2020-03-23T21:06:00-05:00,79.16,12.93,738.08,-2.11,0.67,51.75,0
2020-03-23T21:07:00-05:00,79.22,12.9,738.61,-0.35,0.45,56.18,0
2020-03-23T21:08:00-05:00,78.4,12.9,738.28,-1.52,0.39,68.43,0
2020-03-23T21:09:00-05:00,78.2,12.87,737.77,0.24,0.35,68.91,0
2020-03-23T21:10:00-05:00,77.79,12.89,738.31,0.24,0.34,67.86,0
2020-03-23T21:11:00-05:00,77.67,12.89,738.48,-1.67,0.49,26.52,0
2020-03-23T21:12:00-05:00,78.44,12.89,737.84,-2.55,0.57,54.29,0
2020-03-23T21:13:00-05:00,78.08,12.86,737.84,-2.41,0.95,45.44,0
2020-03-23T21:14:00-05:00,77.77,12.81,737.94,-1.08,0.72,30.43,0
2020-03-23T21:15:00-05:00,78.02,12.79,738.24,-0.2,0.57,41.88,0
2020-03-23T21:16:00-05:00,78.12,12.79,738.58,-1.23,0.58,41.67,0
2020-03-23T21:17:00-05:00,78.6,12.77,739.11,0.39,0.58,56.03,0
2020-03-23T21:18:00-05:00,78.38,12.75,738.58,-2.11,0.58,43.16,0
2020-03-23T21:19:00-05:00,77.82,12.73,738.41,-1.52,0.76,35.76,0
2020-03-23T21:20:00-05:00,78.13,12.7,737.84,-0.49,0.62,39.08,0
2020-03-23T21:21:00-05:00,78.32,12.7,737.91,-1.97,0.53,45.61,0
2020-03-23T21:22:00-05:00,78.25,12.72,737.81,-2.41,0.39,59,0
2020-03-23T21:23:00-05:00,78.52,12.71,739.01,-2.26,0.64,47.83,0
2020-03-23T21:24:00-05:00,78.08,12.74,738.95,0.09,0.69,29.67,0
2020-03-23T21:25:00-05:00,78.04,12.73,737.64,0.39,0.64,34.1,0
2020-03-23T21:26:00-05:00,78.48,12.71,737.37,-1.52,0.74,40.19,0
2020-03-23T21:27:00-05:00,78.45,12.73,738.38,-1.23,0.65,50.48,0
2020-03-23T21:28:00-05:00,78.16,12.74,738.41,-2.7,0.71,63.2,0
2020-03-23T21:29:00-05:00,78.71,12.73,737.67,-0.94,0.9,48.29,0
2020-03-23T21:30:00-05:00,78.74,12.74,738.98,-0.79,0.87,53.15,0
2020-03-23T21:31:00-05:00,79.53,12.77,737.54,-2.41,0.54,52.05,0
2020-03-23T21:32:00-05:00,79.78,12.77,738.51,-1.82,0.13,46.86,0
2020-03-23T21:33:00-05:00,79.72,12.76,737.84,-0.64,0.56,62.74,0
2020-03-23T21:34:00-05:00,79.75,12.76,738.21,-2.11,0.41,75.66,0
2020-03-23T21:35:00-05:00,79.49,12.77,737.54,-2.85,0.3,59.82,0
2020-03-23T21:36:00-05:00,80.13,12.74,738.18,-0.49,0.57,43.36,0
2020-03-23T21:37:00-05:00,79.77,12.75,738.41,-2.85,0.3,43.51,0
2020-03-23T21:38:00-05:00,77.5,12.75,738.88,-2.11,2.12,76.71,0
2020-03-23T21:39:00-05:00,74.94,12.79,737.84,-1.52,2.14,29.26,0
2020-03-23T21:40:00-05:00,74.17,12.83,738.31,-0.79,3.32,54.06,0
2020-03-23T21:41:00-05:00,73.32,12.85,738.91,-0.79,3.31,59.11,0
2020-03-23T21:42:00-05:00,72.98,12.88,738.48,-0.79,1.03,65.92,0
2020-03-23T21:43:00-05:00,73.32,12.89,738.78,0.83,0.69,304.59,0
2020-03-23T21:44:00-05:00,72.63,12.91,738.95,-0.2,3.04,46.66,0
2020-03-23T21:45:00-05:00,73.01,12.89,738.85,-2.26,0.95,58.98,0
2020-03-23T21:46:00-05:00,73.5,12.87,738.68,-1.23,0.71,2.11,0
2020-03-23T21:47:00-05:00,73,12.86,738.81,-2.85,2.36,58.48,0
2020-03-23T21:48:00-05:00,71.37,12.94,738.34,-1.38,0.6,26.46,0
2020-03-23T21:49:00-05:00,71.92,12.98,738.41,-2.26,1.32,62.49,0
2020-03-23T21:50:00-05:00,72.29,12.96,738.41,-0.49,1.08,74.42,0
2020-03-23T21:51:00-05:00,72.76,12.93,739.31,-1.52,0.44,25.56,0
2020-03-23T21:52:00-05:00,73.4,12.93,738.08,-2.26,0.73,12.08,0
2020-03-23T21:53:00-05:00,72.9,12.89,737.91,-0.79,0.85,35.91,0
2020-03-23T21:54:00-05:00,72.6,12.86,737.51,-3.58,1,335.89,0
2020-03-23T21:55:00-05:00,72.86,12.84,737.87,-4.02,1.22,16.2,0
2020-03-23T21:56:00-05:00,73.58,12.77,738.31,-3.88,0.89,53.61,0
2020-03-23T21:57:00-05:00,74.59,12.73,738.08,-1.97,2.4,56.07,0
2020-03-23T21:58:00-05:00,74.84,12.68,738.21,-3.88,0.83,61.38,0
2020-03-23T21:59:00-05:00,75.16,12.65,737.54,-3.58,0.77,56.76,0
2020-03-23T22:00:00-05:00,73.53,12.67,737.77,-1.23,2.41,33.17,0
2020-03-23T22:01:00-05:00,71.99,12.71,738.38,-1.52,5.22,41.08,0
2020-03-23T22:02:00-05:00,70.8,12.82,738.11,-2.11,3.54,53.63,0
2020-03-23T22:03:00-05:00,70.57,12.86,737.37,-2.26,1.81,14.95,0
2020-03-23T22:04:00-05:00,70.67,12.9,738.54,-2.26,0.46,139.28,0
2020-03-23T22:05:00-05:00,70.66,12.91,738.81,-2.26,1.01,84.27,0
2020-03-23T22:06:00-05:00,70.51,12.93,738.68,-0.79,2.03,62.51,0
2020-03-23T22:07:00-05:00,71.83,12.92,738.64,-2.7,2.45,87.95,0
2020-03-23T22:08:00-05:00,70.65,12.91,738.54,-1.08,1.97,51.2,0
2020-03-23T22:09:00-05:00,70.23,12.95,738.81,-0.35,1.25,30.13,0
2020-03-23T22:10:00-05:00,70.73,12.97,738.48,-1.52,2.35,59.23,0
2020-03-23T22:11:00-05:00,70.54,12.97,738.21,-2.26,3.07,47.31,0
2020-03-23T22:12:00-05:00,70.7,13,739.18,-1.67,0.36,138.09,0
2020-03-23T22:13:00-05:00,71.11,13.02,739.25,-2.99,1.16,51.12,0
2020-03-23T22:14:00-05:00,71.75,13.02,738.81,-3.14,0.58,147.24,0
2020-03-23T22:15:00-05:00,71.37,13.02,739.01,-1.52,0.72,168.09,0
2020-03-23T22:16:00-05:00,71.49,13.05,738.91,-2.41,0.78,101.25,0
2020-03-23T22:17:00-05:00,71.81,13.06,739.18,-2.55,0.7,45.32,0
2020-03-23T22:18:00-05:00,72.15,13.04,738.64,-2.85,0.69,112.56,0
2020-03-23T22:19:00-05:00,71.93,13,738.95,-0.79,0.56,178.05,0
2020-03-23T22:20:00-05:00,72.29,12.95,738.44,-1.38,1.18,198.35,0
2020-03-23T22:21:00-05:00,71.97,12.95,738.08,-1.23,0.57,326.57,0
2020-03-23T22:22:00-05:00,72.13,12.95,739.51,-2.85,0.67,21.6,0
2020-03-23T22:23:00-05:00,69.93,12.97,738.68,-0.2,0.58,175.13,0
2020-03-23T22:24:00-05:00,69.05,12.98,738.61,-1.82,1.41,28.18,0
2020-03-23T22:25:00-05:00,69.05,13.04,738.78,-0.05,0.56,42.05,0
2020-03-23T22:26:00-05:00,68.93,13.09,739.01,-1.67,1.36,350.56,0
2020-03-23T22:27:00-05:00,68.97,13.14,739.18,-1.97,2.42,27.86,0
2020-03-23T22:28:00-05:00,68.11,13.18,738.68,-1.82,1.79,37.25,0
2020-03-23T22:29:00-05:00,68.02,13.2,739.72,-1.23,0.37,39.81,0
2020-03-23T22:30:00-05:00,67.72,13.22,739.92,-0.05,2.63,51.14,0
2020-03-23T22:31:00-05:00,68.11,13.28,740.05,-0.35,1.08,36.85,0
2020-03-23T22:32:00-05:00,67.87,13.27,739.18,0.24,0.07,194.93,0
2020-03-23T22:33:00-05:00,68.04,13.26,739.18,-0.49,0.57,33.82,0
2020-03-23T22:34:00-05:00,68.25,13.27,739.31,-1.97,0.56,92.17,0
2020-03-23T22:35:00-05:00,68,13.28,739.88,-1.82,0.59,71.6,0
2020-03-23T22:36:00-05:00,68.6,13.27,739.98,-1.82,0.96,31.84,0
2020-03-23T22:37:00-05:00,68.98,13.26,739.31,-0.35,0.44,178.35,0
2020-03-23T22:38:00-05:00,69.29,13.24,738.98,-0.2,0.89,102.84,0
2020-03-23T22:39:00-05:00,69.45,13.22,739.35,0.24,0.26,106.49,0
2020-03-23T22:40:00-05:00,69.52,13.21,739.15,0.09,0.57,113.26,0
2020-03-23T22:41:00-05:00,69.54,13.21,739.28,-2.41,1.31,115.74,0
2020-03-23T22:42:00-05:00,68.9,13.22,740.02,-1.52,1.64,71.58,0
2020-03-23T22:43:00-05:00,67.61,13.24,739.21,-1.97,0.16,24.47,0
2020-03-23T22:44:00-05:00,67.54,13.26,739.41,-1.23,0.72,29.37,0
2020-03-23T22:45:00-05:00,68.62,13.28,739.31,-2.26,1.1,105.92,0
2020-03-23T22:46:00-05:00,67.32,13.27,740.08,-2.55,2.44,45.82,0
2020-03-23T22:47:00-05:00,68.15,13.29,739.78,-2.11,0.19,29.35,0
2020-03-23T22:48:00-05:00,67.18,13.3,739.75,-2.26,0.9,33.94,0
2020-03-23T22:49:00-05:00,68.38,13.28,739.98,-0.49,0.57,28.6,0
2020-03-23T22:50:00-05:00,68.47,13.26,740.15,-2.26,0.48,38.23,0
2020-03-23T22:51:00-05:00,68.58,13.25,739.35,-0.64,0.58,10.3,0
2020-03-23T22:52:00-05:00,69.14,13.22,739.21,-2.26,0.23,98.29,0
2020-03-23T22:53:00-05:00,69.21,13.21,740.12,-3.14,0.68,42.36,0
2020-03-23T22:54:00-05:00,69.89,13.16,739.21,-0.49,0.99,45.32,0
2020-03-23T22:55:00-05:00,70.68,13.1,739.18,-2.99,1.39,38.03,0
2020-03-23T22:56:00-05:00,69.56,13.06,739.28,-2.7,0.81,38.03,0
2020-03-23T22:57:00-05:00,70.28,13.04,739.15,-2.85,0.27,47.16,0
2020-03-23T22:58:00-05:00,69.23,13.03,738.41,-1.97,0.24,126.77,0
2020-03-23T22:59:00-05:00,68.81,13.04,738.88,-2.7,0.59,166.12,0
2020-03-23T23:00:00-05:00,69.11,13.07,739.72,-2.99,0.17,82.91,0
2020-03-23T23:01:00-05:00,70.1,13.08,739.28,-3.14,0.23,192.27,0
2020-03-23T23:02:00-05:00,70.13,13.07,739.45,-2.85,0.57,217.29,0
2020-03-23T23:03:00-05:00,70.94,13.02,738.31,-1.67,0.2,272.72,0
2020-03-23T23:04:00-05:00,71.05,13,738.68,-2.41,0.13,220.87,0
2020-03-23T23:05:00-05:00,71.83,12.99,739.18,-1.08,0.28,182.08,0
2020-03-23T23:06:00-05:00,72.24,12.97,738.95,-2.55,0.3,152.2,0
2020-03-23T23:07:00-05:00,71.89,12.93,739.11,-2.55,0.34,94.68,0
2020-03-23T23:08:00-05:00,72.2,12.89,738.41,-2.11,0.45,79.11,0
2020-03-23T23:09:00-05:00,71.43,12.86,738.08,-3.58,0.35,58.64,0
2020-03-23T23:10:00-05:00,72.05,12.84,738.21,-2.99,0.59,70.85,0
2020-03-23T23:11:00-05:00,73.26,12.81,738.68,-0.94,0.59,50.39,0
2020-03-23T23:12:00-05:00,73.77,12.81,738.38,-2.99,0.08,5.97,0
2020-03-23T23:13:00-05:00,73.01,12.75,738.18,-2.11,0.57,33.77,0
2020-03-23T23:14:00-05:00,72.38,12.75,738.08,-3.14,0.63,19.29,0
2020-03-23T23:15:00-05:00,73.13,12.73,737.74,-2.41,1.03,46.69,0
2020-03-23T23:16:00-05:00,71.49,12.74,738.28,-1.82,0.22,32.79,0
2020-03-23T23:17:00-05:00,72.15,12.75,737.84,-1.82,0.3,121.36,0
2020-03-23T23:18:00-05:00,73.04,12.75,738.04,-2.26,0.21,89.29,0
2020-03-23T23:19:00-05:00,73.35,12.73,737.54,-2.55,0.26,33.97,0
2020-03-23T23:20:00-05:00,73.83,12.71,738.31,-3.88,0.18,143.19,0
2020-03-23T23:21:00-05:00,74.15,12.69,738.04,-3.58,0.2,85.1,0
2020-03-23T23:22:00-05:00,73.75,12.67,738.08,-3.88,0.53,79.12,0
2020-03-23T23:23:00-05:00,73.24,12.64,737.34,-4.02,0.57,53.69,0
2020-03-23T23:24:00-05:00,72.26,12.58,737.31,-3.58,0.58,108.2,0
2020-03-23T23:25:00-05:00,72.98,12.6,737.61,-3.29,0.06,149.21,0
2020-03-23T23:26:00-05:00,74.06,12.59,737.47,-4.32,0.57,41.75,0
2020-03-23T23:27:00-05:00,73.18,12.55,737.34,-3.73,0.56,91.52,0
2020-03-23T23:28:00-05:00,72.71,12.54,737.2,-1.38,0.37,71.72,0
2020-03-23T23:29:00-05:00,72.42,12.55,737.07,-0.94,0.49,54.37,0
2020-03-23T23:30:00-05:00,73.44,12.55,736.54,-1.52,0.63,57.33,0
2020-03-23T23:31:00-05:00,72.8,12.54,736.84,-3.44,0.56,75.22,0
2020-03-23T23:32:00-05:00,72.3,12.54,736.97,-0.79,0.39,82.16,0
2020-03-23T23:33:00-05:00,73.96,12.55,736.47,-1.23,0.43,0.75,0
2020-03-23T23:34:00-05:00,74.3,12.53,736.77,-1.82,0.65,30.56,0
2020-03-23T23:35:00-05:00,74.73,12.52,737.04,-1.82,0.12,209.29,0
2020-03-23T23:36:00-05:00,74.99,12.49,737.07,-3.44,0.23,7.21,0
2020-03-23T23:37:00-05:00,75.52,12.47,736.13,-1.67,0.61,68.75,0
2020-03-23T23:38:00-05:00,75.08,12.49,736.7,-1.52,0.59,31.86,0
2020-03-23T23:39:00-05:00,75.5,12.47,736.5,-0.35,0.29,17.2,0
2020-03-23T23:40:00-05:00,76.31,12.44,736.54,-2.26,0.37,7.05,0
2020-03-23T23:41:00-05:00,76.33,12.41,735.53,-3.14,0.35,189.04,0
2020-03-23T23:42:00-05:00,76.59,12.38,736.64,-3.14,1.43,62.57,0
2020-03-23T23:43:00-05:00,75.88,12.37,736.1,-2.26,0.41,101.68,0
2020-03-23T23:44:00-05:00,75.61,12.37,737.04,-0.94,0.34,50.23,0
2020-03-23T23:45:00-05:00,75.99,12.37,735.87,-0.64,0.24,103.91,0
2020-03-23T23:46:00-05:00,75.74,12.35,735.73,-1.82,0.58,63.74,0
2020-03-23T23:47:00-05:00,75.47,12.35,736.33,-0.94,0.5,130.41,0
2020-03-23T23:48:00-05:00,74.06,12.35,737.37,-2.11,0.57,161.12,0
2020-03-23T23:49:00-05:00,74.59,12.34,736.67,-2.41,0.23,80.13,0
2020-03-23T23:50:00-05:00,74.57,12.33,736.03,-0.2,0.55,107.83,0
2020-03-23T23:51:00-05:00,74.88,12.31,736.7,-0.94,0.22,45.27,0
2020-03-23T23:52:00-05:00,75.26,12.29,736.54,-0.94,0.58,101.29,0
2020-03-23T23:53:00-05:00,75.52,12.29,735.93,-1.67,0.6,110.38,0
2020-03-23T23:54:00-05:00,75.24,12.28,736.7,-0.94,0.55,93.07,0
2020-03-23T23:55:00-05:00,74.83,12.31,736.37,-1.23,0.32,76.44,0
2020-03-23T23:56:00-05:00,75.16,12.33,736.33,-0.49,0.64,65.41,0
2020-03-23T23:57:00-05:00,76.52,12.35,736.64,-2.26,0.86,24.31,0
2020-03-23T23:58:00-05:00,76.61,12.32,736.4,-0.64,0.12,294.67,0
2020-03-23T23:59:00-05:00,75.88,12.31,736.5,-2.26,0.53,6.07,0
